Workbook

Sheet Qualiy Products at Greenweez

Sheet Sources >>

Sheet Sales
A1: =IFERROR(__xludf.DUMMYFUNCTION("IMPORTRANGE(""https://docs.google.com/spreadsheets/d/1LKNndPoZf492kzTNmSN_BQWFC4s4cYFRBWLWfm7jEr0/edit?gid=1108122911#gid=1108122911"",""Sales!A:Z"")"),"date_date") -> date_date | B1: =IFERROR(__xludf.DUMMYFUNCTION("""COMPUTED_VALUE"""),"orders_id") -> orders_id | C1: =IFERROR(__xludf.DUMMYFUNCTION("""COMPUTED_VALUE"""),"products_id") -> products_id | D1: =IFERROR(__xludf.DUMMYFUNCTION("""COMPUTED_VALUE"""),"promo_name") -> promo_name | E1: =IFERROR(__xludf.DUMMYFUNCTION("""COMPUTED_VALUE"""),"code") -> code | F1: =IFERROR(__xludf.DUMMYFUNCTION("""COMPUTED_VALUE"""),"turnover_before_promo") -> turnover_before_promo | G1: =IFERROR(__xludf.DUMMYFUNCTION("""COMPUTED_VALUE"""),"turnover") -> turnover | H1: =IFERROR(__xludf.DUMMYFUNCTION("""COMPUTED_VALUE"""),"qty") -> qty
A2: =IFERROR(__xludf.DUMMYFUNCTION("""COMPUTED_VALUE"""),44471.0) -> 44471 | B2: =IFERROR(__xludf.DUMMYFUNCTION("""COMPUTED_VALUE"""),1003283.0) -> 1003283 | C2: =IFERROR(__xludf.DUMMYFUNCTION("""COMPUTED_VALUE"""),111934.0) -> 111934 | F2: =IFERROR(__xludf.DUMMYFUNCTION("""COMPUTED_VALUE"""),20.14) -> 20.14 | G2: =IFERROR(__xludf.DUMMYFUNCTION("""COMPUTED_VALUE"""),20.14) -> 20.14 | H2: =IFERROR(__xludf.DUMMYFUNCTION("""COMPUTED_VALUE"""),1.0) -> 1
A3: =IFERROR(__xludf.DUMMYFUNCTION("""COMPUTED_VALUE"""),44471.0) -> 44471 | B3: =IFERROR(__xludf.DUMMYFUNCTION("""COMPUTED_VALUE"""),1003284.0) -> 1003284 | C3: =IFERROR(__xludf.DUMMYFUNCTION("""COMPUTED_VALUE"""),18100.0) -> 18100 | F3: =IFERROR(__xludf.DUMMYFUNCTION("""COMPUTED_VALUE"""),8.22) -> 8.22 | G3: =IFERROR(__xludf.DUMMYFUNCTION("""COMPUTED_VALUE"""),8.22) -> 8.22 | H3: =IFERROR(__xludf.DUMMYFUNCTION("""COMPUTED_VALUE"""),1.0) -> 1
A4: =IFERROR(__xludf.DUMMYFUNCTION("""COMPUTED_VALUE"""),44471.0) -> 44471 | B4: =IFERROR(__xludf.DUMMYFUNCTION("""COMPUTED_VALUE"""),1003284.0) -> 1003284 | C4: =IFERROR(__xludf.DUMMYFUNCTION("""COMPUTED_VALUE"""),109184.0) -> 109184 | F4: =IFERROR(__xludf.DUMMYFUNCTION("""COMPUTED_VALUE"""),39.37) -> 39.37 | G4: =IFERROR(__xludf.DUMMYFUNCTION("""COMPUTED_VALUE"""),39.37) -> 39.37 | H4: =IFERROR(__xludf.DUMMYFUNCTION("""COMPUTED_VALUE"""),5.0) -> 5
A5: =IFERROR(__xludf.DUMMYFUNCTION("""COMPUTED_VALUE"""),44471.0) -> 44471 | B5: =IFERROR(__xludf.DUMMYFUNCTION("""COMPUTED_VALUE"""),1003285.0) -> 1003285 | C5: =IFERROR(__xludf.DUMMYFUNCTION("""COMPUTED_VALUE"""),114912.0) -> 114912 | D5: =IFERROR(__xludf.DUMMYFUNCTION("""COMPUTED_VALUE"""),"Offre speciale") -> Offre speciale | F5: =IFERROR(__xludf.DUMMYFUNCTION("""COMPUTED_VALUE"""),7.26666666666666) -> 7.2666667 | G5: =IFERROR(__xludf.DUMMYFUNCTION("""COMPUTED_VALUE"""),6.54) -> 6.54 | H5: =IFERROR(__xludf.DUMMYFUNCTION("""COMPUTED_VALUE"""),1.0) -> 1
A6: =IFERROR(__xludf.DUMMYFUNCTION("""COMPUTED_VALUE"""),44471.0) -> 44471 | B6: =IFERROR(__xludf.DUMMYFUNCTION("""COMPUTED_VALUE"""),1003285.0) -> 1003285 | C6: =IFERROR(__xludf.DUMMYFUNCTION("""COMPUTED_VALUE"""),44718.0) -> 44718 | D6: =IFERROR(__xludf.DUMMYFUNCTION("""COMPUTED_VALUE"""),"Offre speciale") -> Offre speciale | F6: =IFERROR(__xludf.DUMMYFUNCTION("""COMPUTED_VALUE"""),1.89130434782608) -> 1.8913043 | G6: =IFERROR(__xludf.DUMMYFUNCTION("""COMPUTED_VALUE"""),1.74) -> 1.74 | H6: =IFERROR(__xludf.DUMMYFUNCTION("""COMPUTED_VALUE"""),1.0) -> 1
A7: =IFERROR(__xludf.DUMMYFUNCTION("""COMPUTED_VALUE"""),44471.0) -> 44471 | B7: =IFERROR(__xludf.DUMMYFUNCTION("""COMPUTED_VALUE"""),1003285.0) -> 1003285 | C7: =IFERROR(__xludf.DUMMYFUNCTION("""COMPUTED_VALUE"""),120255.0) -> 120255 | F7: =IFERROR(__xludf.DUMMYFUNCTION("""COMPUTED_VALUE"""),2.58) -> 2.58 | G7: =IFERROR(__xludf.DUMMYFUNCTION("""COMPUTED_VALUE"""),2.58) -> 2.58 | H7: =IFERROR(__xludf.DUMMYFUNCTION("""COMPUTED_VALUE"""),1.0) -> 1
A8: =IFERROR(__xludf.DUMMYFUNCTION("""COMPUTED_VALUE"""),44471.0) -> 44471 | B8: =IFERROR(__xludf.DUMMYFUNCTION("""COMPUTED_VALUE"""),1003285.0) -> 1003285 | C8: =IFERROR(__xludf.DUMMYFUNCTION("""COMPUTED_VALUE"""),70588.0) -> 70588 | F8: =IFERROR(__xludf.DUMMYFUNCTION("""COMPUTED_VALUE"""),0.96) -> 0.96 | G8: =IFERROR(__xludf.DUMMYFUNCTION("""COMPUTED_VALUE"""),0.96) -> 0.96 | H8: =IFERROR(__xludf.DUMMYFUNCTION("""COMPUTED_VALUE"""),1.0) -> 1
A9: =IFERROR(__xludf.DUMMYFUNCTION("""COMPUTED_VALUE"""),44471.0) -> 44471 | B9: =IFERROR(__xludf.DUMMYFUNCTION("""COMPUTED_VALUE"""),1003285.0) -> 1003285 | C9: =IFERROR(__xludf.DUMMYFUNCTION("""COMPUTED_VALUE"""),120563.0) -> 120563 | F9: =IFERROR(__xludf.DUMMYFUNCTION("""COMPUTED_VALUE"""),17.34) -> 17.34 | G9: =IFERROR(__xludf.DUMMYFUNCTION("""COMPUTED_VALUE"""),17.34) -> 17.34 | H9: =IFERROR(__xludf.DUMMYFUNCTION("""COMPUTED_VALUE"""),1.0) -> 1
A10: =IFERROR(__xludf.DUMMYFUNCTION("""COMPUTED_VALUE"""),44471.0) -> 44471 | B10: =IFERROR(__xludf.DUMMYFUNCTION("""COMPUTED_VALUE"""),1003286.0) -> 1003286 | C10: =IFERROR(__xludf.DUMMYFUNCTION("""COMPUTED_VALUE"""),5902.0) -> 5902 | E10: =IFERROR(__xludf.DUMMYFUNCTION("""COMPUTED_VALUE"""),"PREMIERE") -> PREMIERE | F10: =IFERROR(__xludf.DUMMYFUNCTION("""COMPUTED_VALUE"""),21.06) -> 21.06 | G10: =IFERROR(__xludf.DUMMYFUNCTION("""COMPUTED_VALUE"""),21.06) -> 21.06 | H10: =IFERROR(__xludf.DUMMYFUNCTION("""COMPUTED_VALUE"""),3.0) -> 3
A11: =IFERROR(__xludf.DUMMYFUNCTION("""COMPUTED_VALUE"""),44471.0) -> 44471 | B11: =IFERROR(__xludf.DUMMYFUNCTION("""COMPUTED_VALUE"""),1003286.0) -> 1003286 | C11: =IFERROR(__xludf.DUMMYFUNCTION("""COMPUTED_VALUE"""),110337.0) -> 110337 | D11: =IFERROR(__xludf.DUMMYFUNCTION("""COMPUTED_VALUE"""),"Love & Green Couches et Culottes sept 2021") -> Love & Green Couches et Culottes sept 2021 | E11: =IFERROR(__xludf.DUMMYFUNCTION("""COMPUTED_VALUE"""),"PREMIERE") -> PREMIERE | F11: =IFERROR(__xludf.DUMMYFUNCTION("""COMPUTED_VALUE"""),124.214285714285) -> 124.21429 | G11: =IFERROR(__xludf.DUMMYFUNCTION("""COMPUTED_VALUE"""),86.95) -> 86.95 | H11: =IFERROR(__xludf.DUMMYFUNCTION("""COMPUTED_VALUE"""),12.0) -> 12
A12: =IFERROR(__xludf.DUMMYFUNCTION("""COMPUTED_VALUE"""),44471.0) -> 44471 | B12: =IFERROR(__xludf.DUMMYFUNCTION("""COMPUTED_VALUE"""),1003287.0) -> 1003287 | C12: =IFERROR(__xludf.DUMMYFUNCTION("""COMPUTED_VALUE"""),79819.0) -> 79819 | F12: =IFERROR(__xludf.DUMMYFUNCTION("""COMPUTED_VALUE"""),5.77) -> 5.77 | G12: =IFERROR(__xludf.DUMMYFUNCTION("""COMPUTED_VALUE"""),5.77) -> 5.77 | H12: =IFERROR(__xludf.DUMMYFUNCTION("""COMPUTED_VALUE"""),1.0) -> 1
A13: =IFERROR(__xludf.DUMMYFUNCTION("""COMPUTED_VALUE"""),44471.0) -> 44471 | B13: =IFERROR(__xludf.DUMMYFUNCTION("""COMPUTED_VALUE"""),1003287.0) -> 1003287 | C13: =IFERROR(__xludf.DUMMYFUNCTION("""COMPUTED_VALUE"""),117464.0) -> 117464 | F13: =IFERROR(__xludf.DUMMYFUNCTION("""COMPUTED_VALUE"""),9.66) -> 9.66 | G13: =IFERROR(__xludf.DUMMYFUNCTION("""COMPUTED_VALUE"""),9.66) -> 9.66 | H13: =IFERROR(__xludf.DUMMYFUNCTION("""COMPUTED_VALUE"""),1.0) -> 1
A14: =IFERROR(__xludf.DUMMYFUNCTION("""COMPUTED_VALUE"""),44471.0) -> 44471 | B14: =IFERROR(__xludf.DUMMYFUNCTION("""COMPUTED_VALUE"""),1003287.0) -> 1003287 | C14: =IFERROR(__xludf.DUMMYFUNCTION("""COMPUTED_VALUE"""),121868.0) -> 121868 | F14: =IFERROR(__xludf.DUMMYFUNCTION("""COMPUTED_VALUE"""),6.37) -> 6.37 | G14: =IFERROR(__xludf.DUMMYFUNCTION("""COMPUTED_VALUE"""),6.37) -> 6.37 | H14: =IFERROR(__xludf.DUMMYFUNCTION("""COMPUTED_VALUE"""),1.0) -> 1
A15: =IFERROR(__xludf.DUMMYFUNCTION("""COMPUTED_VALUE"""),44471.0) -> 44471 | B15: =IFERROR(__xludf.DUMMYFUNCTION("""COMPUTED_VALUE"""),1003287.0) -> 1003287 | C15: =IFERROR(__xludf.DUMMYFUNCTION("""COMPUTED_VALUE"""),100038.0) -> 100038 | F15: =IFERROR(__xludf.DUMMYFUNCTION("""COMPUTED_VALUE"""),11.4) -> 11.4 | G15: =IFERROR(__xludf.DUMMYFUNCTION("""COMPUTED_VALUE"""),11.4) -> 11.4 | H15: =IFERROR(__xludf.DUMMYFUNCTION("""COMPUTED_VALUE"""),1.0) -> 1
A16: =IFERROR(__xludf.DUMMYFUNCTION("""COMPUTED_VALUE"""),44471.0) -> 44471 | B16: =IFERROR(__xludf.DUMMYFUNCTION("""COMPUTED_VALUE"""),1003287.0) -> 1003287 | C16: =IFERROR(__xludf.DUMMYFUNCTION("""COMPUTED_VALUE"""),119249.0) -> 119249 | F16: =IFERROR(__xludf.DUMMYFUNCTION("""COMPUTED_VALUE"""),4.74) -> 4.74 | G16: =IFERROR(__xludf.DUMMYFUNCTION("""COMPUTED_VALUE"""),4.74) -> 4.74 | H16: =IFERROR(__xludf.DUMMYFUNCTION("""COMPUTED_VALUE"""),1.0) -> 1
A17: =IFERROR(__xludf.DUMMYFUNCTION("""COMPUTED_VALUE"""),44471.0) -> 44471 | B17: =IFERROR(__xludf.DUMMYFUNCTION("""COMPUTED_VALUE"""),1003287.0) -> 1003287 | C17: =IFERROR(__xludf.DUMMYFUNCTION("""COMPUTED_VALUE"""),119257.0) -> 119257 | F17: =IFERROR(__xludf.DUMMYFUNCTION("""COMPUTED_VALUE"""),3.27) -> 3.27 | G17: =IFERROR(__xludf.DUMMYFUNCTION("""COMPUTED_VALUE"""),3.27) -> 3.27 | H17: =IFERROR(__xludf.DUMMYFUNCTION("""COMPUTED_VALUE"""),2.0) -> 2
A18: =IFERROR(__xludf.DUMMYFUNCTION("""COMPUTED_VALUE"""),44471.0) -> 44471 | B18: =IFERROR(__xludf.DUMMYFUNCTION("""COMPUTED_VALUE"""),1003287.0) -> 1003287 | C18: =IFERROR(__xludf.DUMMYFUNCTION("""COMPUTED_VALUE"""),115757.0) -> 115757 | D18: =IFERROR(__xludf.DUMMYFUNCTION("""COMPUTED_VALUE"""),"Vive le bio") -> Vive le bio | F18: =IFERROR(__xludf.DUMMYFUNCTION("""COMPUTED_VALUE"""),2.61111111111111) -> 2.6111111 | G18: =IFERROR(__xludf.DUMMYFUNCTION("""COMPUTED_VALUE"""),2.35) -> 2.35 | H18: =IFERROR(__xludf.DUMMYFUNCTION("""COMPUTED_VALUE"""),2.0) -> 2
A19: =IFERROR(__xludf.DUMMYFUNCTION("""COMPUTED_VALUE"""),44471.0) -> 44471 | B19: =IFERROR(__xludf.DUMMYFUNCTION("""COMPUTED_VALUE"""),1003287.0) -> 1003287 | C19: =IFERROR(__xludf.DUMMYFUNCTION("""COMPUTED_VALUE"""),73245.0) -> 73245 | F19: =IFERROR(__xludf.DUMMYFUNCTION("""COMPUTED_VALUE"""),2.91) -> 2.91 | G19: =IFERROR(__xludf.DUMMYFUNCTION("""COMPUTED_VALUE"""),2.91) -> 2.91 | H19: =IFERROR(__xludf.DUMMYFUNCTION("""COMPUTED_VALUE"""),2.0) -> 2
A20: =IFERROR(__xludf.DUMMYFUNCTION("""COMPUTED_VALUE"""),44471.0) -> 44471 | B20: =IFERROR(__xludf.DUMMYFUNCTION("""COMPUTED_VALUE"""),1003287.0) -> 1003287 | C20: =IFERROR(__xludf.DUMMYFUNCTION("""COMPUTED_VALUE"""),115776.0) -> 115776 | F20: =IFERROR(__xludf.DUMMYFUNCTION("""COMPUTED_VALUE"""),15.64) -> 15.64 | G20: =IFERROR(__xludf.DUMMYFUNCTION("""COMPUTED_VALUE"""),15.64) -> 15.64 | H20: =IFERROR(__xludf.DUMMYFUNCTION("""COMPUTED_VALUE"""),2.0) -> 2
A21: =IFERROR(__xludf.DUMMYFUNCTION("""COMPUTED_VALUE"""),44471.0) -> 44471 | B21: =IFERROR(__xludf.DUMMYFUNCTION("""COMPUTED_VALUE"""),1003287.0) -> 1003287 | C21: =IFERROR(__xludf.DUMMYFUNCTION("""COMPUTED_VALUE"""),115755.0) -> 115755 | F21: =IFERROR(__xludf.DUMMYFUNCTION("""COMPUTED_VALUE"""),1.92) -> 1.92 | G21: =IFERROR(__xludf.DUMMYFUNCTION("""COMPUTED_VALUE"""),1.92) -> 1.92 | H21: =IFERROR(__xludf.DUMMYFUNCTION("""COMPUTED_VALUE"""),2.0) -> 2
A22: =IFERROR(__xludf.DUMMYFUNCTION("""COMPUTED_VALUE"""),44471.0) -> 44471 | B22: =IFERROR(__xludf.DUMMYFUNCTION("""COMPUTED_VALUE"""),1003287.0) -> 1003287 | C22: =IFERROR(__xludf.DUMMYFUNCTION("""COMPUTED_VALUE"""),71420.0) -> 71420 | F22: =IFERROR(__xludf.DUMMYFUNCTION("""COMPUTED_VALUE"""),6.96) -> 6.96 | G22: =IFERROR(__xludf.DUMMYFUNCTION("""COMPUTED_VALUE"""),6.96) -> 6.96 | H22: =IFERROR(__xludf.DUMMYFUNCTION("""COMPUTED_VALUE"""),2.0) -> 2
A23: =IFERROR(__xludf.DUMMYFUNCTION("""COMPUTED_VALUE"""),44471.0) -> 44471 | B23: =IFERROR(__xludf.DUMMYFUNCTION("""COMPUTED_VALUE"""),1003287.0) -> 1003287 | C23: =IFERROR(__xludf.DUMMYFUNCTION("""COMPUTED_VALUE"""),87287.0) -> 87287 | F23: =IFERROR(__xludf.DUMMYFUNCTION("""COMPUTED_VALUE"""),4.47) -> 4.47 | G23: =IFERROR(__xludf.DUMMYFUNCTION("""COMPUTED_VALUE"""),4.47) -> 4.47 | H23: =IFERROR(__xludf.DUMMYFUNCTION("""COMPUTED_VALUE"""),2.0) -> 2
A24: =IFERROR(__xludf.DUMMYFUNCTION("""COMPUTED_VALUE"""),44471.0) -> 44471 | B24: =IFERROR(__xludf.DUMMYFUNCTION("""COMPUTED_VALUE"""),1003287.0) -> 1003287 | C24: =IFERROR(__xludf.DUMMYFUNCTION("""COMPUTED_VALUE"""),77366.0) -> 77366 | F24: =IFERROR(__xludf.DUMMYFUNCTION("""COMPUTED_VALUE"""),4.98) -> 4.98 | G24: =IFERROR(__xludf.DUMMYFUNCTION("""COMPUTED_VALUE"""),4.98) -> 4.98 | H24: =IFERROR(__xludf.DUMMYFUNCTION("""COMPUTED_VALUE"""),2.0) -> 2
A25: =IFERROR(__xludf.DUMMYFUNCTION("""COMPUTED_VALUE"""),44471.0) -> 44471 | B25: =IFERROR(__xludf.DUMMYFUNCTION("""COMPUTED_VALUE"""),1003287.0) -> 1003287 | C25: =IFERROR(__xludf.DUMMYFUNCTION("""COMPUTED_VALUE"""),87281.0) -> 87281 | F25: =IFERROR(__xludf.DUMMYFUNCTION("""COMPUTED_VALUE"""),6.24) -> 6.24 | G25: =IFERROR(__xludf.DUMMYFUNCTION("""COMPUTED_VALUE"""),6.24) -> 6.24 | H25: =IFERROR(__xludf.DUMMYFUNCTION("""COMPUTED_VALUE"""),2.0) -> 2
A26: =IFERROR(__xludf.DUMMYFUNCTION("""COMPUTED_VALUE"""),44471.0) -> 44471 | B26: =IFERROR(__xludf.DUMMYFUNCTION("""COMPUTED_VALUE"""),1003287.0) -> 1003287 | C26: =IFERROR(__xludf.DUMMYFUNCTION("""COMPUTED_VALUE"""),73260.0) -> 73260 | F26: =IFERROR(__xludf.DUMMYFUNCTION("""COMPUTED_VALUE"""),5.52) -> 5.52 | G26: =IFERROR(__xludf.DUMMYFUNCTION("""COMPUTED_VALUE"""),5.52) -> 5.52 | H26: =IFERROR(__xludf.DUMMYFUNCTION("""COMPUTED_VALUE"""),3.0) -> 3
A27: =IFERROR(__xludf.DUMMYFUNCTION("""COMPUTED_VALUE"""),44471.0) -> 44471 | B27: =IFERROR(__xludf.DUMMYFUNCTION("""COMPUTED_VALUE"""),1003287.0) -> 1003287 | C27: =IFERROR(__xludf.DUMMYFUNCTION("""COMPUTED_VALUE"""),118150.0) -> 118150 | F27: =IFERROR(__xludf.DUMMYFUNCTION("""COMPUTED_VALUE"""),5.07) -> 5.07 | G27: =IFERROR(__xludf.DUMMYFUNCTION("""COMPUTED_VALUE"""),5.07) -> 5.07 | H27: =IFERROR(__xludf.DUMMYFUNCTION("""COMPUTED_VALUE"""),3.0) -> 3
A28: =IFERROR(__xludf.DUMMYFUNCTION("""COMPUTED_VALUE"""),44471.0) -> 44471 | B28: =IFERROR(__xludf.DUMMYFUNCTION("""COMPUTED_VALUE"""),1003287.0) -> 1003287 | C28: =IFERROR(__xludf.DUMMYFUNCTION("""COMPUTED_VALUE"""),45885.0) -> 45885 | F28: =IFERROR(__xludf.DUMMYFUNCTION("""COMPUTED_VALUE"""),8.66) -> 8.66 | G28: =IFERROR(__xludf.DUMMYFUNCTION("""COMPUTED_VALUE"""),8.66) -> 8.66 | H28: =IFERROR(__xludf.DUMMYFUNCTION("""COMPUTED_VALUE"""),3.0) -> 3
A29: =IFERROR(__xludf.DUMMYFUNCTION("""COMPUTED_VALUE"""),44471.0) -> 44471 | B29: =IFERROR(__xludf.DUMMYFUNCTION("""COMPUTED_VALUE"""),1003287.0) -> 1003287 | C29: =IFERROR(__xludf.DUMMYFUNCTION("""COMPUTED_VALUE"""),73244.0) -> 73244 | F29: =IFERROR(__xludf.DUMMYFUNCTION("""COMPUTED_VALUE"""),4.37) -> 4.37 | G29: =IFERROR(__xludf.DUMMYFUNCTION("""COMPUTED_VALUE"""),4.37) -> 4.37 | H29: =IFERROR(__xludf.DUMMYFUNCTION("""COMPUTED_VALUE"""),3.0) -> 3
A30: =IFERROR(__xludf.DUMMYFUNCTION("""COMPUTED_VALUE"""),44471.0) -> 44471 | B30: =IFERROR(__xludf.DUMMYFUNCTION("""COMPUTED_VALUE"""),1003287.0) -> 1003287 | C30: =IFERROR(__xludf.DUMMYFUNCTION("""COMPUTED_VALUE"""),112246.0) -> 112246 | F30: =IFERROR(__xludf.DUMMYFUNCTION("""COMPUTED_VALUE"""),5.19) -> 5.19 | G30: =IFERROR(__xludf.DUMMYFUNCTION("""COMPUTED_VALUE"""),5.19) -> 5.19 | H30: =IFERROR(__xludf.DUMMYFUNCTION("""COMPUTED_VALUE"""),3.0) -> 3
A31: =IFERROR(__xludf.DUMMYFUNCTION("""COMPUTED_VALUE"""),44471.0) -> 44471 | B31: =IFERROR(__xludf.DUMMYFUNCTION("""COMPUTED_VALUE"""),1003288.0) -> 1003288 | C31: =IFERROR(__xludf.DUMMYFUNCTION("""COMPUTED_VALUE"""),69195.0) -> 69195 | E31: =IFERROR(__xludf.DUMMYFUNCTION("""COMPUTED_VALUE"""),"GREENRELAIS") -> GREENRELAIS | F31: =IFERROR(__xludf.DUMMYFUNCTION("""COMPUTED_VALUE"""),3.64) -> 3.64 | G31: =IFERROR(__xludf.DUMMYFUNCTION("""COMPUTED_VALUE"""),3.64) -> 3.64 | H31: =IFERROR(__xludf.DUMMYFUNCTION("""COMPUTED_VALUE"""),1.0) -> 1
A32: =IFERROR(__xludf.DUMMYFUNCTION("""COMPUTED_VALUE"""),44471.0) -> 44471 | B32: =IFERROR(__xludf.DUMMYFUNCTION("""COMPUTED_VALUE"""),1003288.0) -> 1003288 | C32: =IFERROR(__xludf.DUMMYFUNCTION("""COMPUTED_VALUE"""),120393.0) -> 120393 | E32: =IFERROR(__xludf.DUMMYFUNCTION("""COMPUTED_VALUE"""),"GREENRELAIS") -> GREENRELAIS | F32: =IFERROR(__xludf.DUMMYFUNCTION("""COMPUTED_VALUE"""),1.89) -> 1.89 | G32: =IFERROR(__xludf.DUMMYFUNCTION("""COMPUTED_VALUE"""),1.89) -> 1.89 | H32: =IFERROR(__xludf.DUMMYFUNCTION("""COMPUTED_VALUE"""),1.0) -> 1
A33: =IFERROR(__xludf.DUMMYFUNCTION("""COMPUTED_VALUE"""),44471.0) -> 44471 | B33: =IFERROR(__xludf.DUMMYFUNCTION("""COMPUTED_VALUE"""),1003288.0) -> 1003288 | C33: =IFERROR(__xludf.DUMMYFUNCTION("""COMPUTED_VALUE"""),121576.0) -> 121576 | E33: =IFERROR(__xludf.DUMMYFUNCTION("""COMPUTED_VALUE"""),"GREENRELAIS") -> GREENRELAIS | F33: =IFERROR(__xludf.DUMMYFUNCTION("""COMPUTED_VALUE"""),7.34) -> 7.34 | G33: =IFERROR(__xludf.DUMMYFUNCTION("""COMPUTED_VALUE"""),7.34) -> 7.34 | H33: =IFERROR(__xludf.DUMMYFUNCTION("""COMPUTED_VALUE"""),1.0) -> 1
A34: =IFERROR(__xludf.DUMMYFUNCTION("""COMPUTED_VALUE"""),44471.0) -> 44471 | B34: =IFERROR(__xludf.DUMMYFUNCTION("""COMPUTED_VALUE"""),1003288.0) -> 1003288 | C34: =IFERROR(__xludf.DUMMYFUNCTION("""COMPUTED_VALUE"""),112462.0) -> 112462 | D34: =IFERROR(__xludf.DUMMYFUNCTION("""COMPUTED_VALUE"""),"Offre speciale") -> Offre speciale | E34: =IFERROR(__xludf.DUMMYFUNCTION("""COMPUTED_VALUE"""),"GREENRELAIS") -> GREENRELAIS | F34: =IFERROR(__xludf.DUMMYFUNCTION("""COMPUTED_VALUE"""),1.83529411764705) -> 1.8352941 | G34: =IFERROR(__xludf.DUMMYFUNCTION("""COMPUTED_VALUE"""),1.56) -> 1.56 | H34: =IFERROR(__xludf.DUMMYFUNCTION("""COMPUTED_VALUE"""),1.0) -> 1
A35: =IFERROR(__xludf.DUMMYFUNCTION("""COMPUTED_VALUE"""),44471.0) -> 44471 | B35: =IFERROR(__xludf.DUMMYFUNCTION("""COMPUTED_VALUE"""),1003288.0) -> 1003288 | C35: =IFERROR(__xludf.DUMMYFUNCTION("""COMPUTED_VALUE"""),121708.0) -> 121708 | E35: =IFERROR(__xludf.DUMMYFUNCTION("""COMPUTED_VALUE"""),"GREENRELAIS") -> GREENRELAIS | F35: =IFERROR(__xludf.DUMMYFUNCTION("""COMPUTED_VALUE"""),13.2) -> 13.2 | G35: =IFERROR(__xludf.DUMMYFUNCTION("""COMPUTED_VALUE"""),13.2) -> 13.2 | H35: =IFERROR(__xludf.DUMMYFUNCTION("""COMPUTED_VALUE"""),1.0) -> 1
A36: =IFERROR(__xludf.DUMMYFUNCTION("""COMPUTED_VALUE"""),44471.0) -> 44471 | B36: =IFERROR(__xludf.DUMMYFUNCTION("""COMPUTED_VALUE"""),1003288.0) -> 1003288 | C36: =IFERROR(__xludf.DUMMYFUNCTION("""COMPUTED_VALUE"""),77475.0) -> 77475 | D36: =IFERROR(__xludf.DUMMYFUNCTION("""COMPUTED_VALUE"""),"Vive le bio") -> Vive le bio | E36: =IFERROR(__xludf.DUMMYFUNCTION("""COMPUTED_VALUE"""),"GREENRELAIS") -> GREENRELAIS | F36: =IFERROR(__xludf.DUMMYFUNCTION("""COMPUTED_VALUE"""),1.25555555555555) -> 1.2555556 | G36: =IFERROR(__xludf.DUMMYFUNCTION("""COMPUTED_VALUE"""),1.13) -> 1.13 | H36: =IFERROR(__xludf.DUMMYFUNCTION("""COMPUTED_VALUE"""),1.0) -> 1
A37: =IFERROR(__xludf.DUMMYFUNCTION("""COMPUTED_VALUE"""),44471.0) -> 44471 | B37: =IFERROR(__xludf.DUMMYFUNCTION("""COMPUTED_VALUE"""),1003288.0) -> 1003288 | C37: =IFERROR(__xludf.DUMMYFUNCTION("""COMPUTED_VALUE"""),77326.0) -> 77326 | E37: =IFERROR(__xludf.DUMMYFUNCTION("""COMPUTED_VALUE"""),"GREENRELAIS") -> GREENRELAIS | F37: =IFERROR(__xludf.DUMMYFUNCTION("""COMPUTED_VALUE"""),2.85) -> 2.85 | G37: =IFERROR(__xludf.DUMMYFUNCTION("""COMPUTED_VALUE"""),2.85) -> 2.85 | H37: =IFERROR(__xludf.DUMMYFUNCTION("""COMPUTED_VALUE"""),1.0) -> 1
A38: =IFERROR(__xludf.DUMMYFUNCTION("""COMPUTED_VALUE"""),44471.0) -> 44471 | B38: =IFERROR(__xludf.DUMMYFUNCTION("""COMPUTED_VALUE"""),1003288.0) -> 1003288 | C38: =IFERROR(__xludf.DUMMYFUNCTION("""COMPUTED_VALUE"""),111946.0) -> 111946 | E38: =IFERROR(__xludf.DUMMYFUNCTION("""COMPUTED_VALUE"""),"GREENRELAIS") -> GREENRELAIS | F38: =IFERROR(__xludf.DUMMYFUNCTION("""COMPUTED_VALUE"""),3.48) -> 3.48 | G38: =IFERROR(__xludf.DUMMYFUNCTION("""COMPUTED_VALUE"""),3.48) -> 3.48 | H38: =IFERROR(__xludf.DUMMYFUNCTION("""COMPUTED_VALUE"""),1.0) -> 1
A39: =IFERROR(__xludf.DUMMYFUNCTION("""COMPUTED_VALUE"""),44471.0) -> 44471 | B39: =IFERROR(__xludf.DUMMYFUNCTION("""COMPUTED_VALUE"""),1003288.0) -> 1003288 | C39: =IFERROR(__xludf.DUMMYFUNCTION("""COMPUTED_VALUE"""),87160.0) -> 87160 | E39: =IFERROR(__xludf.DUMMYFUNCTION("""COMPUTED_VALUE"""),"GREENRELAIS") -> GREENRELAIS | F39: =IFERROR(__xludf.DUMMYFUNCTION("""COMPUTED_VALUE"""),4.69) -> 4.69 | G39: =IFERROR(__xludf.DUMMYFUNCTION("""COMPUTED_VALUE"""),4.69) -> 4.69 | H39: =IFERROR(__xludf.DUMMYFUNCTION("""COMPUTED_VALUE"""),2.0) -> 2
A40: =IFERROR(__xludf.DUMMYFUNCTION("""COMPUTED_VALUE"""),44471.0) -> 44471 | B40: =IFERROR(__xludf.DUMMYFUNCTION("""COMPUTED_VALUE"""),1003288.0) -> 1003288 | C40: =IFERROR(__xludf.DUMMYFUNCTION("""COMPUTED_VALUE"""),129479.0) -> 129479 | E40: =IFERROR(__xludf.DUMMYFUNCTION("""COMPUTED_VALUE"""),"GREENRELAIS") -> GREENRELAIS | F40: =IFERROR(__xludf.DUMMYFUNCTION("""COMPUTED_VALUE"""),7.98) -> 7.98 | G40: =IFERROR(__xludf.DUMMYFUNCTION("""COMPUTED_VALUE"""),7.98) -> 7.98 | H40: =IFERROR(__xludf.DUMMYFUNCTION("""COMPUTED_VALUE"""),3.0) -> 3
A41: =IFERROR(__xludf.DUMMYFUNCTION("""COMPUTED_VALUE"""),44471.0) -> 44471 | B41: =IFERROR(__xludf.DUMMYFUNCTION("""COMPUTED_VALUE"""),1003288.0) -> 1003288 | C41: =IFERROR(__xludf.DUMMYFUNCTION("""COMPUTED_VALUE"""),159220.0) -> 159220 | E41: =IFERROR(__xludf.DUMMYFUNCTION("""COMPUTED_VALUE"""),"GREENRELAIS") -> GREENRELAIS | F41: =IFERROR(__xludf.DUMMYFUNCTION("""COMPUTED_VALUE"""),4.25) -> 4.25 | G41: =IFERROR(__xludf.DUMMYFUNCTION("""COMPUTED_VALUE"""),4.25) -> 4.25 | H41: =IFERROR(__xludf.DUMMYFUNCTION("""COMPUTED_VALUE"""),4.0) -> 4
A42: =IFERROR(__xludf.DUMMYFUNCTION("""COMPUTED_VALUE"""),44471.0) -> 44471 | B42: =IFERROR(__xludf.DUMMYFUNCTION("""COMPUTED_VALUE"""),1003288.0) -> 1003288 | C42: =IFERROR(__xludf.DUMMYFUNCTION("""COMPUTED_VALUE"""),90294.0) -> 90294 | E42: =IFERROR(__xludf.DUMMYFUNCTION("""COMPUTED_VALUE"""),"GREENRELAIS") -> GREENRELAIS | F42: =IFERROR(__xludf.DUMMYFUNCTION("""COMPUTED_VALUE"""),38.59) -> 38.59 | G42: =IFERROR(__xludf.DUMMYFUNCTION("""COMPUTED_VALUE"""),38.59) -> 38.59 | H42: =IFERROR(__xludf.DUMMYFUNCTION("""COMPUTED_VALUE"""),6.0) -> 6
A43: =IFERROR(__xludf.DUMMYFUNCTION("""COMPUTED_VALUE"""),44471.0) -> 44471 | B43: =IFERROR(__xludf.DUMMYFUNCTION("""COMPUTED_VALUE"""),1003289.0) -> 1003289 | C43: =IFERROR(__xludf.DUMMYFUNCTION("""COMPUTED_VALUE"""),72162.0) -> 72162 | D43: =IFERROR(__xludf.DUMMYFUNCTION("""COMPUTED_VALUE"""),"Offre Speciale") -> Offre Speciale | E43: =IFERROR(__xludf.DUMMYFUNCTION("""COMPUTED_VALUE"""),"GREENRELAIS") -> GREENRELAIS | F43: =IFERROR(__xludf.DUMMYFUNCTION("""COMPUTED_VALUE"""),34.7529411764705) -> 34.752941 | G43: =IFERROR(__xludf.DUMMYFUNCTION("""COMPUTED_VALUE"""),29.54) -> 29.54 | H43: =IFERROR(__xludf.DUMMYFUNCTION("""COMPUTED_VALUE"""),1.0) -> 1
A44: =IFERROR(__xludf.DUMMYFUNCTION("""COMPUTED_VALUE"""),44471.0) -> 44471 | B44: =IFERROR(__xludf.DUMMYFUNCTION("""COMPUTED_VALUE"""),1003289.0) -> 1003289 | C44: =IFERROR(__xludf.DUMMYFUNCTION("""COMPUTED_VALUE"""),87440.0) -> 87440 | E44: =IFERROR(__xludf.DUMMYFUNCTION("""COMPUTED_VALUE"""),"GREENRELAIS") -> GREENRELAIS | F44: =IFERROR(__xludf.DUMMYFUNCTION("""COMPUTED_VALUE"""),5.84) -> 5.84 | G44: =IFERROR(__xludf.DUMMYFUNCTION("""COMPUTED_VALUE"""),5.84) -> 5.84 | H44: =IFERROR(__xludf.DUMMYFUNCTION("""COMPUTED_VALUE"""),4.0) -> 4
A45: =IFERROR(__xludf.DUMMYFUNCTION("""COMPUTED_VALUE"""),44471.0) -> 44471 | B45: =IFERROR(__xludf.DUMMYFUNCTION("""COMPUTED_VALUE"""),1003289.0) -> 1003289 | C45: =IFERROR(__xludf.DUMMYFUNCTION("""COMPUTED_VALUE"""),100395.0) -> 100395 | D45: =IFERROR(__xludf.DUMMYFUNCTION("""COMPUTED_VALUE"""),"Vive le bio") -> Vive le bio | E45: =IFERROR(__xludf.DUMMYFUNCTION("""COMPUTED_VALUE"""),"GREENRELAIS") -> GREENRELAIS | F45: =IFERROR(__xludf.DUMMYFUNCTION("""COMPUTED_VALUE"""),9.27777777777777) -> 9.2777778 | G45: =IFERROR(__xludf.DUMMYFUNCTION("""COMPUTED_VALUE"""),8.35) -> 8.35 | H45: =IFERROR(__xludf.DUMMYFUNCTION("""COMPUTED_VALUE"""),4.0) -> 4
A46: =IFERROR(__xludf.DUMMYFUNCTION("""COMPUTED_VALUE"""),44471.0) -> 44471 | B46: =IFERROR(__xludf.DUMMYFUNCTION("""COMPUTED_VALUE"""),1003289.0) -> 1003289 | C46: =IFERROR(__xludf.DUMMYFUNCTION("""COMPUTED_VALUE"""),83055.0) -> 83055 | E46: =IFERROR(__xludf.DUMMYFUNCTION("""COMPUTED_VALUE"""),"GREENRELAIS") -> GREENRELAIS | F46: =IFERROR(__xludf.DUMMYFUNCTION("""COMPUTED_VALUE"""),12.33) -> 12.33 | G46: =IFERROR(__xludf.DUMMYFUNCTION("""COMPUTED_VALUE"""),12.33) -> 12.33 | H46: =IFERROR(__xludf.DUMMYFUNCTION("""COMPUTED_VALUE"""),7.0) -> 7
A47: =IFERROR(__xludf.DUMMYFUNCTION("""COMPUTED_VALUE"""),44471.0) -> 44471 | B47: =IFERROR(__xludf.DUMMYFUNCTION("""COMPUTED_VALUE"""),1003290.0) -> 1003290 | C47: =IFERROR(__xludf.DUMMYFUNCTION("""COMPUTED_VALUE"""),98337.0) -> 98337 | F47: =IFERROR(__xludf.DUMMYFUNCTION("""COMPUTED_VALUE"""),4.0) -> 4 | G47: =IFERROR(__xludf.DUMMYFUNCTION("""COMPUTED_VALUE"""),4.0) -> 4 | H47: =IFERROR(__xludf.DUMMYFUNCTION("""COMPUTED_VALUE"""),1.0) -> 1
A48: =IFERROR(__xludf.DUMMYFUNCTION("""COMPUTED_VALUE"""),44471.0) -> 44471 | B48: =IFERROR(__xludf.DUMMYFUNCTION("""COMPUTED_VALUE"""),1003290.0) -> 1003290 | C48: =IFERROR(__xludf.DUMMYFUNCTION("""COMPUTED_VALUE"""),86162.0) -> 86162 | F48: =IFERROR(__xludf.DUMMYFUNCTION("""COMPUTED_VALUE"""),5.75) -> 5.75 | G48: =IFERROR(__xludf.DUMMYFUNCTION("""COMPUTED_VALUE"""),5.75) -> 5.75 | H48: =IFERROR(__xludf.DUMMYFUNCTION("""COMPUTED_VALUE"""),1.0) -> 1
A49: =IFERROR(__xludf.DUMMYFUNCTION("""COMPUTED_VALUE"""),44471.0) -> 44471 | B49: =IFERROR(__xludf.DUMMYFUNCTION("""COMPUTED_VALUE"""),1003290.0) -> 1003290 | C49: =IFERROR(__xludf.DUMMYFUNCTION("""COMPUTED_VALUE"""),13863.0) -> 13863 | F49: =IFERROR(__xludf.DUMMYFUNCTION("""COMPUTED_VALUE"""),5.27) -> 5.27 | G49: =IFERROR(__xludf.DUMMYFUNCTION("""COMPUTED_VALUE"""),5.27) -> 5.27 | H49: =IFERROR(__xludf.DUMMYFUNCTION("""COMPUTED_VALUE"""),1.0) -> 1
A50: =IFERROR(__xludf.DUMMYFUNCTION("""COMPUTED_VALUE"""),44471.0) -> 44471 | B50: =IFERROR(__xludf.DUMMYFUNCTION("""COMPUTED_VALUE"""),1003290.0) -> 1003290 | C50: =IFERROR(__xludf.DUMMYFUNCTION("""COMPUTED_VALUE"""),19341.0) -> 19341 | F50: =IFERROR(__xludf.DUMMYFUNCTION("""COMPUTED_VALUE"""),2.66) -> 2.66 | G50: =IFERROR(__xludf.DUMMYFUNCTION("""COMPUTED_VALUE"""),2.66) -> 2.66 | H50: =IFERROR(__xludf.DUMMYFUNCTION("""COMPUTED_VALUE"""),1.0) -> 1
A51: =IFERROR(__xludf.DUMMYFUNCTION("""COMPUTED_VALUE"""),44471.0) -> 44471 | B51: =IFERROR(__xludf.DUMMYFUNCTION("""COMPUTED_VALUE"""),1003290.0) -> 1003290 | C51: =IFERROR(__xludf.DUMMYFUNCTION("""COMPUTED_VALUE"""),12873.0) -> 12873 | F51: =IFERROR(__xludf.DUMMYFUNCTION("""COMPUTED_VALUE"""),17.4) -> 17.4 | G51: =IFERROR(__xludf.DUMMYFUNCTION("""COMPUTED_VALUE"""),17.4) -> 17.4 | H51: =IFERROR(__xludf.DUMMYFUNCTION("""COMPUTED_VALUE"""),1.0) -> 1
A52: =IFERROR(__xludf.DUMMYFUNCTION("""COMPUTED_VALUE"""),44471.0) -> 44471 | B52: =IFERROR(__xludf.DUMMYFUNCTION("""COMPUTED_VALUE"""),1003290.0) -> 1003290 | C52: =IFERROR(__xludf.DUMMYFUNCTION("""COMPUTED_VALUE"""),117216.0) -> 117216 | F52: =IFERROR(__xludf.DUMMYFUNCTION("""COMPUTED_VALUE"""),15.95) -> 15.95 | G52: =IFERROR(__xludf.DUMMYFUNCTION("""COMPUTED_VALUE"""),15.95) -> 15.95 | H52: =IFERROR(__xludf.DUMMYFUNCTION("""COMPUTED_VALUE"""),1.0) -> 1
A53: =IFERROR(__xludf.DUMMYFUNCTION("""COMPUTED_VALUE"""),44471.0) -> 44471 | B53: =IFERROR(__xludf.DUMMYFUNCTION("""COMPUTED_VALUE"""),1003290.0) -> 1003290 | C53: =IFERROR(__xludf.DUMMYFUNCTION("""COMPUTED_VALUE"""),109184.0) -> 109184 | F53: =IFERROR(__xludf.DUMMYFUNCTION("""COMPUTED_VALUE"""),7.87) -> 7.87 | G53: =IFERROR(__xludf.DUMMYFUNCTION("""COMPUTED_VALUE"""),7.87) -> 7.87 | H53: =IFERROR(__xludf.DUMMYFUNCTION("""COMPUTED_VALUE"""),1.0) -> 1
A54: =IFERROR(__xludf.DUMMYFUNCTION("""COMPUTED_VALUE"""),44471.0) -> 44471 | B54: =IFERROR(__xludf.DUMMYFUNCTION("""COMPUTED_VALUE"""),1003290.0) -> 1003290 | C54: =IFERROR(__xludf.DUMMYFUNCTION("""COMPUTED_VALUE"""),87282.0) -> 87282 | D54: =IFERROR(__xludf.DUMMYFUNCTION("""COMPUTED_VALUE"""),"Vive le bio") -> Vive le bio | F54: =IFERROR(__xludf.DUMMYFUNCTION("""COMPUTED_VALUE"""),3.14444444444444) -> 3.1444444 | G54: =IFERROR(__xludf.DUMMYFUNCTION("""COMPUTED_VALUE"""),2.83) -> 2.83 | H54: =IFERROR(__xludf.DUMMYFUNCTION("""COMPUTED_VALUE"""),1.0) -> 1
A55: =IFERROR(__xludf.DUMMYFUNCTION("""COMPUTED_VALUE"""),44471.0) -> 44471 | B55: =IFERROR(__xludf.DUMMYFUNCTION("""COMPUTED_VALUE"""),1003290.0) -> 1003290 | C55: =IFERROR(__xludf.DUMMYFUNCTION("""COMPUTED_VALUE"""),120710.0) -> 120710 | F55: =IFERROR(__xludf.DUMMYFUNCTION("""COMPUTED_VALUE"""),16.27) -> 16.27 | G55: =IFERROR(__xludf.DUMMYFUNCTION("""COMPUTED_VALUE"""),16.27) -> 16.27 | H55: =IFERROR(__xludf.DUMMYFUNCTION("""COMPUTED_VALUE"""),1.0) -> 1
A56: =IFERROR(__xludf.DUMMYFUNCTION("""COMPUTED_VALUE"""),44471.0) -> 44471 | B56: =IFERROR(__xludf.DUMMYFUNCTION("""COMPUTED_VALUE"""),1003290.0) -> 1003290 | C56: =IFERROR(__xludf.DUMMYFUNCTION("""COMPUTED_VALUE"""),126975.0) -> 126975 | F56: =IFERROR(__xludf.DUMMYFUNCTION("""COMPUTED_VALUE"""),8.11) -> 8.11 | G56: =IFERROR(__xludf.DUMMYFUNCTION("""COMPUTED_VALUE"""),8.11) -> 8.11 | H56: =IFERROR(__xludf.DUMMYFUNCTION("""COMPUTED_VALUE"""),1.0) -> 1
A57: =IFERROR(__xludf.DUMMYFUNCTION("""COMPUTED_VALUE"""),44471.0) -> 44471 | B57: =IFERROR(__xludf.DUMMYFUNCTION("""COMPUTED_VALUE"""),1003290.0) -> 1003290 | C57: =IFERROR(__xludf.DUMMYFUNCTION("""COMPUTED_VALUE"""),69300.0) -> 69300 | D57: =IFERROR(__xludf.DUMMYFUNCTION("""COMPUTED_VALUE"""),"Vive le bio") -> Vive le bio | F57: =IFERROR(__xludf.DUMMYFUNCTION("""COMPUTED_VALUE"""),3.52222222222222) -> 3.5222222 | G57: =IFERROR(__xludf.DUMMYFUNCTION("""COMPUTED_VALUE"""),3.17) -> 3.17 | H57: =IFERROR(__xludf.DUMMYFUNCTION("""COMPUTED_VALUE"""),1.0) -> 1
A58: =IFERROR(__xludf.DUMMYFUNCTION("""COMPUTED_VALUE"""),44471.0) -> 44471 | B58: =IFERROR(__xludf.DUMMYFUNCTION("""COMPUTED_VALUE"""),1003290.0) -> 1003290 | C58: =IFERROR(__xludf.DUMMYFUNCTION("""COMPUTED_VALUE"""),77366.0) -> 77366 | F58: =IFERROR(__xludf.DUMMYFUNCTION("""COMPUTED_VALUE"""),2.49) -> 2.49 | G58: =IFERROR(__xludf.DUMMYFUNCTION("""COMPUTED_VALUE"""),2.49) -> 2.49 | H58: =IFERROR(__xludf.DUMMYFUNCTION("""COMPUTED_VALUE"""),1.0) -> 1
A59: =IFERROR(__xludf.DUMMYFUNCTION("""COMPUTED_VALUE"""),44471.0) -> 44471 | B59: =IFERROR(__xludf.DUMMYFUNCTION("""COMPUTED_VALUE"""),1003290.0) -> 1003290 | C59: =IFERROR(__xludf.DUMMYFUNCTION("""COMPUTED_VALUE"""),81790.0) -> 81790 | F59: =IFERROR(__xludf.DUMMYFUNCTION("""COMPUTED_VALUE"""),2.37) -> 2.37 | G59: =IFERROR(__xludf.DUMMYFUNCTION("""COMPUTED_VALUE"""),2.37) -> 2.37 | H59: =IFERROR(__xludf.DUMMYFUNCTION("""COMPUTED_VALUE"""),1.0) -> 1
A60: =IFERROR(__xludf.DUMMYFUNCTION("""COMPUTED_VALUE"""),44471.0) -> 44471 | B60: =IFERROR(__xludf.DUMMYFUNCTION("""COMPUTED_VALUE"""),1003290.0) -> 1003290 | C60: =IFERROR(__xludf.DUMMYFUNCTION("""COMPUTED_VALUE"""),118486.0) -> 118486 | F60: =IFERROR(__xludf.DUMMYFUNCTION("""COMPUTED_VALUE"""),6.78) -> 6.78 | G60: =IFERROR(__xludf.DUMMYFUNCTION("""COMPUTED_VALUE"""),6.78) -> 6.78 | H60: =IFERROR(__xludf.DUMMYFUNCTION("""COMPUTED_VALUE"""),2.0) -> 2
A61: =IFERROR(__xludf.DUMMYFUNCTION("""COMPUTED_VALUE"""),44471.0) -> 44471 | B61: =IFERROR(__xludf.DUMMYFUNCTION("""COMPUTED_VALUE"""),1003290.0) -> 1003290 | C61: =IFERROR(__xludf.DUMMYFUNCTION("""COMPUTED_VALUE"""),98328.0) -> 98328 | F61: =IFERROR(__xludf.DUMMYFUNCTION("""COMPUTED_VALUE"""),5.19) -> 5.19 | G61: =IFERROR(__xludf.DUMMYFUNCTION("""COMPUTED_VALUE"""),5.19) -> 5.19 | H61: =IFERROR(__xludf.DUMMYFUNCTION("""COMPUTED_VALUE"""),2.0) -> 2
A62: =IFERROR(__xludf.DUMMYFUNCTION("""COMPUTED_VALUE"""),44471.0) -> 44471 | B62: =IFERROR(__xludf.DUMMYFUNCTION("""COMPUTED_VALUE"""),1003290.0) -> 1003290 | C62: =IFERROR(__xludf.DUMMYFUNCTION("""COMPUTED_VALUE"""),77229.0) -> 77229 | F62: =IFERROR(__xludf.DUMMYFUNCTION("""COMPUTED_VALUE"""),10.17) -> 10.17 | G62: =IFERROR(__xludf.DUMMYFUNCTION("""COMPUTED_VALUE"""),10.17) -> 10.17 | H62: =IFERROR(__xludf.DUMMYFUNCTION("""COMPUTED_VALUE"""),4.0) -> 4
A63: =IFERROR(__xludf.DUMMYFUNCTION("""COMPUTED_VALUE"""),44471.0) -> 44471 | B63: =IFERROR(__xludf.DUMMYFUNCTION("""COMPUTED_VALUE"""),1003290.0) -> 1003290 | C63: =IFERROR(__xludf.DUMMYFUNCTION("""COMPUTED_VALUE"""),48180.0) -> 48180 | F63: =IFERROR(__xludf.DUMMYFUNCTION("""COMPUTED_VALUE"""),20.83) -> 20.83 | G63: =IFERROR(__xludf.DUMMYFUNCTION("""COMPUTED_VALUE"""),20.83) -> 20.83 | H63: =IFERROR(__xludf.DUMMYFUNCTION("""COMPUTED_VALUE"""),9.0) -> 9
A64: =IFERROR(__xludf.DUMMYFUNCTION("""COMPUTED_VALUE"""),44471.0) -> 44471 | B64: =IFERROR(__xludf.DUMMYFUNCTION("""COMPUTED_VALUE"""),1003291.0) -> 1003291 | C64: =IFERROR(__xludf.DUMMYFUNCTION("""COMPUTED_VALUE"""),111392.0) -> 111392 | F64: =IFERROR(__xludf.DUMMYFUNCTION("""COMPUTED_VALUE"""),10.35) -> 10.35 | G64: =IFERROR(__xludf.DUMMYFUNCTION("""COMPUTED_VALUE"""),10.35) -> 10.35 | H64: =IFERROR(__xludf.DUMMYFUNCTION("""COMPUTED_VALUE"""),1.0) -> 1
A65: =IFERROR(__xludf.DUMMYFUNCTION("""COMPUTED_VALUE"""),44471.0) -> 44471 | B65: =IFERROR(__xludf.DUMMYFUNCTION("""COMPUTED_VALUE"""),1003292.0) -> 1003292 | C65: =IFERROR(__xludf.DUMMYFUNCTION("""COMPUTED_VALUE"""),46896.0) -> 46896 | F65: =IFERROR(__xludf.DUMMYFUNCTION("""COMPUTED_VALUE"""),9.74) -> 9.74 | G65: =IFERROR(__xludf.DUMMYFUNCTION("""COMPUTED_VALUE"""),9.74) -> 9.74 | H65: =IFERROR(__xludf.DUMMYFUNCTION("""COMPUTED_VALUE"""),2.0) -> 2
A66: =IFERROR(__xludf.DUMMYFUNCTION("""COMPUTED_VALUE"""),44471.0) -> 44471 | B66: =IFERROR(__xludf.DUMMYFUNCTION("""COMPUTED_VALUE"""),1003293.0) -> 1003293 | C66: =IFERROR(__xludf.DUMMYFUNCTION("""COMPUTED_VALUE"""),100248.0) -> 100248 | F66: =IFERROR(__xludf.DUMMYFUNCTION("""COMPUTED_VALUE"""),7.52) -> 7.52 | G66: =IFERROR(__xludf.DUMMYFUNCTION("""COMPUTED_VALUE"""),7.52) -> 7.52 | H66: =IFERROR(__xludf.DUMMYFUNCTION("""COMPUTED_VALUE"""),1.0) -> 1
A67: =IFERROR(__xludf.DUMMYFUNCTION("""COMPUTED_VALUE"""),44471.0) -> 44471 | B67: =IFERROR(__xludf.DUMMYFUNCTION("""COMPUTED_VALUE"""),1003293.0) -> 1003293 | C67: =IFERROR(__xludf.DUMMYFUNCTION("""COMPUTED_VALUE"""),103631.0) -> 103631 | F67: =IFERROR(__xludf.DUMMYFUNCTION("""COMPUTED_VALUE"""),5.33) -> 5.33 | G67: =IFERROR(__xludf.DUMMYFUNCTION("""COMPUTED_VALUE"""),5.33) -> 5.33 | H67: =IFERROR(__xludf.DUMMYFUNCTION("""COMPUTED_VALUE"""),1.0) -> 1
A68: =IFERROR(__xludf.DUMMYFUNCTION("""COMPUTED_VALUE"""),44471.0) -> 44471 | B68: =IFERROR(__xludf.DUMMYFUNCTION("""COMPUTED_VALUE"""),1003293.0) -> 1003293 | C68: =IFERROR(__xludf.DUMMYFUNCTION("""COMPUTED_VALUE"""),112013.0) -> 112013 | F68: =IFERROR(__xludf.DUMMYFUNCTION("""COMPUTED_VALUE"""),10.21) -> 10.21 | G68: =IFERROR(__xludf.DUMMYFUNCTION("""COMPUTED_VALUE"""),10.21) -> 10.21 | H68: =IFERROR(__xludf.DUMMYFUNCTION("""COMPUTED_VALUE"""),1.0) -> 1
A69: =IFERROR(__xludf.DUMMYFUNCTION("""COMPUTED_VALUE"""),44471.0) -> 44471 | B69: =IFERROR(__xludf.DUMMYFUNCTION("""COMPUTED_VALUE"""),1003293.0) -> 1003293 | C69: =IFERROR(__xludf.DUMMYFUNCTION("""COMPUTED_VALUE"""),103589.0) -> 103589 | D69: =IFERROR(__xludf.DUMMYFUNCTION("""COMPUTED_VALUE"""),"Love & Green Couches et Culottes sept 2021") -> Love & Green Couches et Culottes sept 2021 | F69: =IFERROR(__xludf.DUMMYFUNCTION("""COMPUTED_VALUE"""),62.0285714285714) -> 62.028571 | G69: =IFERROR(__xludf.DUMMYFUNCTION("""COMPUTED_VALUE"""),43.42) -> 43.42 | H69: =IFERROR(__xludf.DUMMYFUNCTION("""COMPUTED_VALUE"""),4.0) -> 4
A70: =IFERROR(__xludf.DUMMYFUNCTION("""COMPUTED_VALUE"""),44471.0) -> 44471 | B70: =IFERROR(__xludf.DUMMYFUNCTION("""COMPUTED_VALUE"""),1003293.0) -> 1003293 | C70: =IFERROR(__xludf.DUMMYFUNCTION("""COMPUTED_VALUE"""),103590.0) -> 103590 | D70: =IFERROR(__xludf.DUMMYFUNCTION("""COMPUTED_VALUE"""),"Love & Green Couches et Culottes sept 2021") -> Love & Green Couches et Culottes sept 2021 | F70: =IFERROR(__xludf.DUMMYFUNCTION("""COMPUTED_VALUE"""),62.0285714285714) -> 62.028571 | G70: =IFERROR(__xludf.DUMMYFUNCTION("""COMPUTED_VALUE"""),43.42) -> 43.42 | H70: =IFERROR(__xludf.DUMMYFUNCTION("""COMPUTED_VALUE"""),4.0) -> 4
A71: =IFERROR(__xludf.DUMMYFUNCTION("""COMPUTED_VALUE"""),44471.0) -> 44471 | B71: =IFERROR(__xludf.DUMMYFUNCTION("""COMPUTED_VALUE"""),1003294.0) -> 1003294 | C71: =IFERROR(__xludf.DUMMYFUNCTION("""COMPUTED_VALUE"""),71275.0) -> 71275 | D71: =IFERROR(__xludf.DUMMYFUNCTION("""COMPUTED_VALUE"""),"Offre Speciale") -> Offre Speciale | F71: =IFERROR(__xludf.DUMMYFUNCTION("""COMPUTED_VALUE"""),6.11111111111111) -> 6.1111111 | G71: =IFERROR(__xludf.DUMMYFUNCTION("""COMPUTED_VALUE"""),5.5) -> 5.5 | H71: =IFERROR(__xludf.DUMMYFUNCTION("""COMPUTED_VALUE"""),1.0) -> 1
A72: =IFERROR(__xludf.DUMMYFUNCTION("""COMPUTED_VALUE"""),44471.0) -> 44471 | B72: =IFERROR(__xludf.DUMMYFUNCTION("""COMPUTED_VALUE"""),1003294.0) -> 1003294 | C72: =IFERROR(__xludf.DUMMYFUNCTION("""COMPUTED_VALUE"""),111330.0) -> 111330 | F72: =IFERROR(__xludf.DUMMYFUNCTION("""COMPUTED_VALUE"""),5.58) -> 5.58 | G72: =IFERROR(__xludf.DUMMYFUNCTION("""COMPUTED_VALUE"""),5.58) -> 5.58 | H72: =IFERROR(__xludf.DUMMYFUNCTION("""COMPUTED_VALUE"""),1.0) -> 1
A73: =IFERROR(__xludf.DUMMYFUNCTION("""COMPUTED_VALUE"""),44471.0) -> 44471 | B73: =IFERROR(__xludf.DUMMYFUNCTION("""COMPUTED_VALUE"""),1003294.0) -> 1003294 | C73: =IFERROR(__xludf.DUMMYFUNCTION("""COMPUTED_VALUE"""),116867.0) -> 116867 | F73: =IFERROR(__xludf.DUMMYFUNCTION("""COMPUTED_VALUE"""),2.18) -> 2.18 | G73: =IFERROR(__xludf.DUMMYFUNCTION("""COMPUTED_VALUE"""),2.18) -> 2.18 | H73: =IFERROR(__xludf.DUMMYFUNCTION("""COMPUTED_VALUE"""),1.0) -> 1
A74: =IFERROR(__xludf.DUMMYFUNCTION("""COMPUTED_VALUE"""),44471.0) -> 44471 | B74: =IFERROR(__xludf.DUMMYFUNCTION("""COMPUTED_VALUE"""),1003294.0) -> 1003294 | C74: =IFERROR(__xludf.DUMMYFUNCTION("""COMPUTED_VALUE"""),23628.0) -> 23628 | F74: =IFERROR(__xludf.DUMMYFUNCTION("""COMPUTED_VALUE"""),2.83) -> 2.83 | G74: =IFERROR(__xludf.DUMMYFUNCTION("""COMPUTED_VALUE"""),2.83) -> 2.83 | H74: =IFERROR(__xludf.DUMMYFUNCTION("""COMPUTED_VALUE"""),1.0) -> 1
A75: =IFERROR(__xludf.DUMMYFUNCTION("""COMPUTED_VALUE"""),44471.0) -> 44471 | B75: =IFERROR(__xludf.DUMMYFUNCTION("""COMPUTED_VALUE"""),1003295.0) -> 1003295 | C75: =IFERROR(__xludf.DUMMYFUNCTION("""COMPUTED_VALUE"""),119515.0) -> 119515 | E75: =IFERROR(__xludf.DUMMYFUNCTION("""COMPUTED_VALUE"""),"GREENRELAIS") -> GREENRELAIS | F75: =IFERROR(__xludf.DUMMYFUNCTION("""COMPUTED_VALUE"""),8.0) -> 8 | G75: =IFERROR(__xludf.DUMMYFUNCTION("""COMPUTED_VALUE"""),8.0) -> 8 | H75: =IFERROR(__xludf.DUMMYFUNCTION("""COMPUTED_VALUE"""),1.0) -> 1
A76: =IFERROR(__xludf.DUMMYFUNCTION("""COMPUTED_VALUE"""),44471.0) -> 44471 | B76: =IFERROR(__xludf.DUMMYFUNCTION("""COMPUTED_VALUE"""),1003295.0) -> 1003295 | C76: =IFERROR(__xludf.DUMMYFUNCTION("""COMPUTED_VALUE"""),120282.0) -> 120282 | E76: =IFERROR(__xludf.DUMMYFUNCTION("""COMPUTED_VALUE"""),"GREENRELAIS") -> GREENRELAIS | F76: =IFERROR(__xludf.DUMMYFUNCTION("""COMPUTED_VALUE"""),27.08) -> 27.08 | G76: =IFERROR(__xludf.DUMMYFUNCTION("""COMPUTED_VALUE"""),27.08) -> 27.08 | H76: =IFERROR(__xludf.DUMMYFUNCTION("""COMPUTED_VALUE"""),1.0) -> 1
A77: =IFERROR(__xludf.DUMMYFUNCTION("""COMPUTED_VALUE"""),44471.0) -> 44471 | B77: =IFERROR(__xludf.DUMMYFUNCTION("""COMPUTED_VALUE"""),1003295.0) -> 1003295 | C77: =IFERROR(__xludf.DUMMYFUNCTION("""COMPUTED_VALUE"""),76658.0) -> 76658 | E77: =IFERROR(__xludf.DUMMYFUNCTION("""COMPUTED_VALUE"""),"GREENRELAIS") -> GREENRELAIS | F77: =IFERROR(__xludf.DUMMYFUNCTION("""COMPUTED_VALUE"""),3.03) -> 3.03 | G77: =IFERROR(__xludf.DUMMYFUNCTION("""COMPUTED_VALUE"""),3.03) -> 3.03 | H77: =IFERROR(__xludf.DUMMYFUNCTION("""COMPUTED_VALUE"""),1.0) -> 1
A78: =IFERROR(__xludf.DUMMYFUNCTION("""COMPUTED_VALUE"""),44471.0) -> 44471 | B78: =IFERROR(__xludf.DUMMYFUNCTION("""COMPUTED_VALUE"""),1003295.0) -> 1003295 | C78: =IFERROR(__xludf.DUMMYFUNCTION("""COMPUTED_VALUE"""),70314.0) -> 70314 | D78: =IFERROR(__xludf.DUMMYFUNCTION("""COMPUTED_VALUE"""),"Vive le bio") -> Vive le bio | E78: =IFERROR(__xludf.DUMMYFUNCTION("""COMPUTED_VALUE"""),"GREENRELAIS") -> GREENRELAIS | F78: =IFERROR(__xludf.DUMMYFUNCTION("""COMPUTED_VALUE"""),5.16666666666666) -> 5.1666667 | G78: =IFERROR(__xludf.DUMMYFUNCTION("""COMPUTED_VALUE"""),4.65) -> 4.65 | H78: =IFERROR(__xludf.DUMMYFUNCTION("""COMPUTED_VALUE"""),1.0) -> 1
A79: =IFERROR(__xludf.DUMMYFUNCTION("""COMPUTED_VALUE"""),44471.0) -> 44471 | B79: =IFERROR(__xludf.DUMMYFUNCTION("""COMPUTED_VALUE"""),1003295.0) -> 1003295 | C79: =IFERROR(__xludf.DUMMYFUNCTION("""COMPUTED_VALUE"""),109938.0) -> 109938 | E79: =IFERROR(__xludf.DUMMYFUNCTION("""COMPUTED_VALUE"""),"GREENRELAIS") -> GREENRELAIS | F79: =IFERROR(__xludf.DUMMYFUNCTION("""COMPUTED_VALUE"""),6.71) -> 6.71 | G79: =IFERROR(__xludf.DUMMYFUNCTION("""COMPUTED_VALUE"""),6.71) -> 6.71 | H79: =IFERROR(__xludf.DUMMYFUNCTION("""COMPUTED_VALUE"""),1.0) -> 1
A80: =IFERROR(__xludf.DUMMYFUNCTION("""COMPUTED_VALUE"""),44471.0) -> 44471 | B80: =IFERROR(__xludf.DUMMYFUNCTION("""COMPUTED_VALUE"""),1003296.0) -> 1003296 | C80: =IFERROR(__xludf.DUMMYFUNCTION("""COMPUTED_VALUE"""),71743.0) -> 71743 | F80: =IFERROR(__xludf.DUMMYFUNCTION("""COMPUTED_VALUE"""),2.89) -> 2.89 | G80: =IFERROR(__xludf.DUMMYFUNCTION("""COMPUTED_VALUE"""),2.89) -> 2.89 | H80: =IFERROR(__xludf.DUMMYFUNCTION("""COMPUTED_VALUE"""),1.0) -> 1
A81: =IFERROR(__xludf.DUMMYFUNCTION("""COMPUTED_VALUE"""),44471.0) -> 44471 | B81: =IFERROR(__xludf.DUMMYFUNCTION("""COMPUTED_VALUE"""),1003296.0) -> 1003296 | C81: =IFERROR(__xludf.DUMMYFUNCTION("""COMPUTED_VALUE"""),78940.0) -> 78940 | F81: =IFERROR(__xludf.DUMMYFUNCTION("""COMPUTED_VALUE"""),3.93) -> 3.93 | G81: =IFERROR(__xludf.DUMMYFUNCTION("""COMPUTED_VALUE"""),3.93) -> 3.93 | H81: =IFERROR(__xludf.DUMMYFUNCTION("""COMPUTED_VALUE"""),1.0) -> 1
A82: =IFERROR(__xludf.DUMMYFUNCTION("""COMPUTED_VALUE"""),44471.0) -> 44471 | B82: =IFERROR(__xludf.DUMMYFUNCTION("""COMPUTED_VALUE"""),1003296.0) -> 1003296 | C82: =IFERROR(__xludf.DUMMYFUNCTION("""COMPUTED_VALUE"""),77491.0) -> 77491 | F82: =IFERROR(__xludf.DUMMYFUNCTION("""COMPUTED_VALUE"""),17.64) -> 17.64 | G82: =IFERROR(__xludf.DUMMYFUNCTION("""COMPUTED_VALUE"""),17.64) -> 17.64 | H82: =IFERROR(__xludf.DUMMYFUNCTION("""COMPUTED_VALUE"""),1.0) -> 1
A83: =IFERROR(__xludf.DUMMYFUNCTION("""COMPUTED_VALUE"""),44471.0) -> 44471 | B83: =IFERROR(__xludf.DUMMYFUNCTION("""COMPUTED_VALUE"""),1003296.0) -> 1003296 | C83: =IFERROR(__xludf.DUMMYFUNCTION("""COMPUTED_VALUE"""),86169.0) -> 86169 | F83: =IFERROR(__xludf.DUMMYFUNCTION("""COMPUTED_VALUE"""),4.68) -> 4.68 | G83: =IFERROR(__xludf.DUMMYFUNCTION("""COMPUTED_VALUE"""),4.68) -> 4.68 | H83: =IFERROR(__xludf.DUMMYFUNCTION("""COMPUTED_VALUE"""),1.0) -> 1
A84: =IFERROR(__xludf.DUMMYFUNCTION("""COMPUTED_VALUE"""),44471.0) -> 44471 | B84: =IFERROR(__xludf.DUMMYFUNCTION("""COMPUTED_VALUE"""),1003296.0) -> 1003296 | C84: =IFERROR(__xludf.DUMMYFUNCTION("""COMPUTED_VALUE"""),91147.0) -> 91147 | F84: =IFERROR(__xludf.DUMMYFUNCTION("""COMPUTED_VALUE"""),11.98) -> 11.98 | G84: =IFERROR(__xludf.DUMMYFUNCTION("""COMPUTED_VALUE"""),11.98) -> 11.98 | H84: =IFERROR(__xludf.DUMMYFUNCTION("""COMPUTED_VALUE"""),1.0) -> 1
A85: =IFERROR(__xludf.DUMMYFUNCTION("""COMPUTED_VALUE"""),44471.0) -> 44471 | B85: =IFERROR(__xludf.DUMMYFUNCTION("""COMPUTED_VALUE"""),1003296.0) -> 1003296 | C85: =IFERROR(__xludf.DUMMYFUNCTION("""COMPUTED_VALUE"""),12875.0) -> 12875 | F85: =IFERROR(__xludf.DUMMYFUNCTION("""COMPUTED_VALUE"""),33.25) -> 33.25 | G85: =IFERROR(__xludf.DUMMYFUNCTION("""COMPUTED_VALUE"""),33.25) -> 33.25 | H85: =IFERROR(__xludf.DUMMYFUNCTION("""COMPUTED_VALUE"""),2.0) -> 2
A86: =IFERROR(__xludf.DUMMYFUNCTION("""COMPUTED_VALUE"""),44471.0) -> 44471 | B86: =IFERROR(__xludf.DUMMYFUNCTION("""COMPUTED_VALUE"""),1003296.0) -> 1003296 | C86: =IFERROR(__xludf.DUMMYFUNCTION("""COMPUTED_VALUE"""),108515.0) -> 108515 | F86: =IFERROR(__xludf.DUMMYFUNCTION("""COMPUTED_VALUE"""),12.99) -> 12.99 | G86: =IFERROR(__xludf.DUMMYFUNCTION("""COMPUTED_VALUE"""),12.99) -> 12.99 | H86: =IFERROR(__xludf.DUMMYFUNCTION("""COMPUTED_VALUE"""),2.0) -> 2
A87: =IFERROR(__xludf.DUMMYFUNCTION("""COMPUTED_VALUE"""),44471.0) -> 44471 | B87: =IFERROR(__xludf.DUMMYFUNCTION("""COMPUTED_VALUE"""),1003296.0) -> 1003296 | C87: =IFERROR(__xludf.DUMMYFUNCTION("""COMPUTED_VALUE"""),46132.0) -> 46132 | F87: =IFERROR(__xludf.DUMMYFUNCTION("""COMPUTED_VALUE"""),5.36) -> 5.36 | G87: =IFERROR(__xludf.DUMMYFUNCTION("""COMPUTED_VALUE"""),5.36) -> 5.36 | H87: =IFERROR(__xludf.DUMMYFUNCTION("""COMPUTED_VALUE"""),3.0) -> 3
A88: =IFERROR(__xludf.DUMMYFUNCTION("""COMPUTED_VALUE"""),44471.0) -> 44471 | B88: =IFERROR(__xludf.DUMMYFUNCTION("""COMPUTED_VALUE"""),1003296.0) -> 1003296 | C88: =IFERROR(__xludf.DUMMYFUNCTION("""COMPUTED_VALUE"""),46123.0) -> 46123 | F88: =IFERROR(__xludf.DUMMYFUNCTION("""COMPUTED_VALUE"""),10.73) -> 10.73 | G88: =IFERROR(__xludf.DUMMYFUNCTION("""COMPUTED_VALUE"""),10.73) -> 10.73 | H88: =IFERROR(__xludf.DUMMYFUNCTION("""COMPUTED_VALUE"""),6.0) -> 6
A89: =IFERROR(__xludf.DUMMYFUNCTION("""COMPUTED_VALUE"""),44471.0) -> 44471 | B89: =IFERROR(__xludf.DUMMYFUNCTION("""COMPUTED_VALUE"""),1003297.0) -> 1003297 | C89: =IFERROR(__xludf.DUMMYFUNCTION("""COMPUTED_VALUE"""),12005.0) -> 12005 | F89: =IFERROR(__xludf.DUMMYFUNCTION("""COMPUTED_VALUE"""),12.24) -> 12.24 | G89: =IFERROR(__xludf.DUMMYFUNCTION("""COMPUTED_VALUE"""),12.24) -> 12.24 | H89: =IFERROR(__xludf.DUMMYFUNCTION("""COMPUTED_VALUE"""),5.0) -> 5
A90: =IFERROR(__xludf.DUMMYFUNCTION("""COMPUTED_VALUE"""),44471.0) -> 44471 | B90: =IFERROR(__xludf.DUMMYFUNCTION("""COMPUTED_VALUE"""),1003298.0) -> 1003298 | C90: =IFERROR(__xludf.DUMMYFUNCTION("""COMPUTED_VALUE"""),16571.0) -> 16571 | F90: =IFERROR(__xludf.DUMMYFUNCTION("""COMPUTED_VALUE"""),18.66) -> 18.66 | G90: =IFERROR(__xludf.DUMMYFUNCTION("""COMPUTED_VALUE"""),18.66) -> 18.66 | H90: =IFERROR(__xludf.DUMMYFUNCTION("""COMPUTED_VALUE"""),1.0) -> 1
A91: =IFERROR(__xludf.DUMMYFUNCTION("""COMPUTED_VALUE"""),44471.0) -> 44471 | B91: =IFERROR(__xludf.DUMMYFUNCTION("""COMPUTED_VALUE"""),1003298.0) -> 1003298 | C91: =IFERROR(__xludf.DUMMYFUNCTION("""COMPUTED_VALUE"""),74884.0) -> 74884 | F91: =IFERROR(__xludf.DUMMYFUNCTION("""COMPUTED_VALUE"""),7.81) -> 7.81 | G91: =IFERROR(__xludf.DUMMYFUNCTION("""COMPUTED_VALUE"""),7.81) -> 7.81 | H91: =IFERROR(__xludf.DUMMYFUNCTION("""COMPUTED_VALUE"""),1.0) -> 1
A92: =IFERROR(__xludf.DUMMYFUNCTION("""COMPUTED_VALUE"""),44471.0) -> 44471 | B92: =IFERROR(__xludf.DUMMYFUNCTION("""COMPUTED_VALUE"""),1003298.0) -> 1003298 | C92: =IFERROR(__xludf.DUMMYFUNCTION("""COMPUTED_VALUE"""),77048.0) -> 77048 | F92: =IFERROR(__xludf.DUMMYFUNCTION("""COMPUTED_VALUE"""),11.12) -> 11.12 | G92: =IFERROR(__xludf.DUMMYFUNCTION("""COMPUTED_VALUE"""),11.12) -> 11.12 | H92: =IFERROR(__xludf.DUMMYFUNCTION("""COMPUTED_VALUE"""),1.0) -> 1
A93: =IFERROR(__xludf.DUMMYFUNCTION("""COMPUTED_VALUE"""),44471.0) -> 44471 | B93: =IFERROR(__xludf.DUMMYFUNCTION("""COMPUTED_VALUE"""),1003298.0) -> 1003298 | C93: =IFERROR(__xludf.DUMMYFUNCTION("""COMPUTED_VALUE"""),77127.0) -> 77127 | F93: =IFERROR(__xludf.DUMMYFUNCTION("""COMPUTED_VALUE"""),9.47) -> 9.47 | G93: =IFERROR(__xludf.DUMMYFUNCTION("""COMPUTED_VALUE"""),9.47) -> 9.47 | H93: =IFERROR(__xludf.DUMMYFUNCTION("""COMPUTED_VALUE"""),1.0) -> 1
A94: =IFERROR(__xludf.DUMMYFUNCTION("""COMPUTED_VALUE"""),44471.0) -> 44471 | B94: =IFERROR(__xludf.DUMMYFUNCTION("""COMPUTED_VALUE"""),1003298.0) -> 1003298 | C94: =IFERROR(__xludf.DUMMYFUNCTION("""COMPUTED_VALUE"""),74828.0) -> 74828 | F94: =IFERROR(__xludf.DUMMYFUNCTION("""COMPUTED_VALUE"""),7.21) -> 7.21 | G94: =IFERROR(__xludf.DUMMYFUNCTION("""COMPUTED_VALUE"""),7.21) -> 7.21 | H94: =IFERROR(__xludf.DUMMYFUNCTION("""COMPUTED_VALUE"""),1.0) -> 1
A95: =IFERROR(__xludf.DUMMYFUNCTION("""COMPUTED_VALUE"""),44471.0) -> 44471 | B95: =IFERROR(__xludf.DUMMYFUNCTION("""COMPUTED_VALUE"""),1003298.0) -> 1003298 | C95: =IFERROR(__xludf.DUMMYFUNCTION("""COMPUTED_VALUE"""),76290.0) -> 76290 | D95: =IFERROR(__xludf.DUMMYFUNCTION("""COMPUTED_VALUE"""),"Vive le bio") -> Vive le bio | F95: =IFERROR(__xludf.DUMMYFUNCTION("""COMPUTED_VALUE"""),3.78888888888888) -> 3.7888889 | G95: =IFERROR(__xludf.DUMMYFUNCTION("""COMPUTED_VALUE"""),3.41) -> 3.41 | H95: =IFERROR(__xludf.DUMMYFUNCTION("""COMPUTED_VALUE"""),2.0) -> 2
A96: =IFERROR(__xludf.DUMMYFUNCTION("""COMPUTED_VALUE"""),44471.0) -> 44471 | B96: =IFERROR(__xludf.DUMMYFUNCTION("""COMPUTED_VALUE"""),1003299.0) -> 1003299 | C96: =IFERROR(__xludf.DUMMYFUNCTION("""COMPUTED_VALUE"""),44991.0) -> 44991 | F96: =IFERROR(__xludf.DUMMYFUNCTION("""COMPUTED_VALUE"""),28.79) -> 28.79 | G96: =IFERROR(__xludf.DUMMYFUNCTION("""COMPUTED_VALUE"""),28.79) -> 28.79 | H96: =IFERROR(__xludf.DUMMYFUNCTION("""COMPUTED_VALUE"""),1.0) -> 1
A97: =IFERROR(__xludf.DUMMYFUNCTION("""COMPUTED_VALUE"""),44471.0) -> 44471 | B97: =IFERROR(__xludf.DUMMYFUNCTION("""COMPUTED_VALUE"""),1003299.0) -> 1003299 | C97: =IFERROR(__xludf.DUMMYFUNCTION("""COMPUTED_VALUE"""),74398.0) -> 74398 | F97: =IFERROR(__xludf.DUMMYFUNCTION("""COMPUTED_VALUE"""),24.41) -> 24.41 | G97: =IFERROR(__xludf.DUMMYFUNCTION("""COMPUTED_VALUE"""),24.41) -> 24.41 | H97: =IFERROR(__xludf.DUMMYFUNCTION("""COMPUTED_VALUE"""),1.0) -> 1
A98: =IFERROR(__xludf.DUMMYFUNCTION("""COMPUTED_VALUE"""),44471.0) -> 44471 | B98: =IFERROR(__xludf.DUMMYFUNCTION("""COMPUTED_VALUE"""),1003299.0) -> 1003299 | C98: =IFERROR(__xludf.DUMMYFUNCTION("""COMPUTED_VALUE"""),118956.0) -> 118956 | F98: =IFERROR(__xludf.DUMMYFUNCTION("""COMPUTED_VALUE"""),21.44) -> 21.44 | G98: =IFERROR(__xludf.DUMMYFUNCTION("""COMPUTED_VALUE"""),21.44) -> 21.44 | H98: =IFERROR(__xludf.DUMMYFUNCTION("""COMPUTED_VALUE"""),1.0) -> 1
A99: =IFERROR(__xludf.DUMMYFUNCTION("""COMPUTED_VALUE"""),44471.0) -> 44471 | B99: =IFERROR(__xludf.DUMMYFUNCTION("""COMPUTED_VALUE"""),1003299.0) -> 1003299 | C99: =IFERROR(__xludf.DUMMYFUNCTION("""COMPUTED_VALUE"""),23968.0) -> 23968 | F99: =IFERROR(__xludf.DUMMYFUNCTION("""COMPUTED_VALUE"""),26.69) -> 26.69 | G99: =IFERROR(__xludf.DUMMYFUNCTION("""COMPUTED_VALUE"""),26.69) -> 26.69 | H99: =IFERROR(__xludf.DUMMYFUNCTION("""COMPUTED_VALUE"""),1.0) -> 1
A100: =IFERROR(__xludf.DUMMYFUNCTION("""COMPUTED_VALUE"""),44471.0) -> 44471 | B100: =IFERROR(__xludf.DUMMYFUNCTION("""COMPUTED_VALUE"""),1003300.0) -> 1003300 | C100: =IFERROR(__xludf.DUMMYFUNCTION("""COMPUTED_VALUE"""),140582.0) -> 140582 | F100: =IFERROR(__xludf.DUMMYFUNCTION("""COMPUTED_VALUE"""),101.14) -> 101.14 | G100: =IFERROR(__xludf.DUMMYFUNCTION("""COMPUTED_VALUE"""),101.14) -> 101.14 | H100: =IFERROR(__xludf.DUMMYFUNCTION("""COMPUTED_VALUE"""),2.0) -> 2
...

Sheet Refund_reason
A1: =IFERROR(__xludf.DUMMYFUNCTION("IMPORTRANGE(""https://docs.google.com/spreadsheets/d/1KBPZL6V6t1wQfIul5MfDBzVW_E1qX9_5Nn6Omd0L7JY/edit?gid=164626335#gid=164626335"",""refund_reason!A:Z"")"),"year") -> year | B1: =IFERROR(__xludf.DUMMYFUNCTION("""COMPUTED_VALUE"""),"month") -> month | C1: =IFERROR(__xludf.DUMMYFUNCTION("""COMPUTED_VALUE"""),"day") -> day | D1: =IFERROR(__xludf.DUMMYFUNCTION("""COMPUTED_VALUE"""),"orders_id") -> orders_id | E1: =IFERROR(__xludf.DUMMYFUNCTION("""COMPUTED_VALUE"""),"ref_turnover") -> ref_turnover | F1: =IFERROR(__xludf.DUMMYFUNCTION("""COMPUTED_VALUE"""),"ref_ship") -> ref_ship | G1: =IFERROR(__xludf.DUMMYFUNCTION("""COMPUTED_VALUE"""),"ref_coupon") -> ref_coupon | H1: =IFERROR(__xludf.DUMMYFUNCTION("""COMPUTED_VALUE"""),"ref_reason") -> ref_reason
A2: =IFERROR(__xludf.DUMMYFUNCTION("""COMPUTED_VALUE"""),2021.0) -> 2021 | B2: =IFERROR(__xludf.DUMMYFUNCTION("""COMPUTED_VALUE"""),10.0) -> 10 | C2: =IFERROR(__xludf.DUMMYFUNCTION("""COMPUTED_VALUE"""),1.0) -> 1 | D2: =IFERROR(__xludf.DUMMYFUNCTION("""COMPUTED_VALUE"""),1003644.0) -> 1003644 | E2: =IFERROR(__xludf.DUMMYFUNCTION("""COMPUTED_VALUE"""),6.0) -> 6 | F2: =IFERROR(__xludf.DUMMYFUNCTION("""COMPUTED_VALUE"""),0.0) -> 0 | G2: =IFERROR(__xludf.DUMMYFUNCTION("""COMPUTED_VALUE"""),0.0) -> 0 | H2: =IFERROR(__xludf.DUMMYFUNCTION("""COMPUTED_VALUE"""),"Damage") -> Damage
A3: =IFERROR(__xludf.DUMMYFUNCTION("""COMPUTED_VALUE"""),2021.0) -> 2021 | B3: =IFERROR(__xludf.DUMMYFUNCTION("""COMPUTED_VALUE"""),10.0) -> 10 | C3: =IFERROR(__xludf.DUMMYFUNCTION("""COMPUTED_VALUE"""),1.0) -> 1 | D3: =IFERROR(__xludf.DUMMYFUNCTION("""COMPUTED_VALUE"""),1003989.0) -> 1003989 | E3: =IFERROR(__xludf.DUMMYFUNCTION("""COMPUTED_VALUE"""),3.0) -> 3 | F3: =IFERROR(__xludf.DUMMYFUNCTION("""COMPUTED_VALUE"""),0.0) -> 0 | G3: =IFERROR(__xludf.DUMMYFUNCTION("""COMPUTED_VALUE"""),0.0) -> 0 | H3: =IFERROR(__xludf.DUMMYFUNCTION("""COMPUTED_VALUE"""),"Wrong product") -> Wrong product
A4: =IFERROR(__xludf.DUMMYFUNCTION("""COMPUTED_VALUE"""),2021.0) -> 2021 | B4: =IFERROR(__xludf.DUMMYFUNCTION("""COMPUTED_VALUE"""),10.0) -> 10 | C4: =IFERROR(__xludf.DUMMYFUNCTION("""COMPUTED_VALUE"""),1.0) -> 1 | D4: =IFERROR(__xludf.DUMMYFUNCTION("""COMPUTED_VALUE"""),1003585.0) -> 1003585 | E4: =IFERROR(__xludf.DUMMYFUNCTION("""COMPUTED_VALUE"""),1.0) -> 1 | F4: =IFERROR(__xludf.DUMMYFUNCTION("""COMPUTED_VALUE"""),0.0) -> 0 | G4: =IFERROR(__xludf.DUMMYFUNCTION("""COMPUTED_VALUE"""),0.0) -> 0 | H4: =IFERROR(__xludf.DUMMYFUNCTION("""COMPUTED_VALUE"""),"Wrong product") -> Wrong product
A5: =IFERROR(__xludf.DUMMYFUNCTION("""COMPUTED_VALUE"""),2021.0) -> 2021 | B5: =IFERROR(__xludf.DUMMYFUNCTION("""COMPUTED_VALUE"""),10.0) -> 10 | C5: =IFERROR(__xludf.DUMMYFUNCTION("""COMPUTED_VALUE"""),1.0) -> 1 | D5: =IFERROR(__xludf.DUMMYFUNCTION("""COMPUTED_VALUE"""),1003362.0) -> 1003362 | E5: =IFERROR(__xludf.DUMMYFUNCTION("""COMPUTED_VALUE"""),3.0) -> 3 | F5: =IFERROR(__xludf.DUMMYFUNCTION("""COMPUTED_VALUE"""),0.0) -> 0 | G5: =IFERROR(__xludf.DUMMYFUNCTION("""COMPUTED_VALUE"""),0.0) -> 0 | H5: =IFERROR(__xludf.DUMMYFUNCTION("""COMPUTED_VALUE"""),"Wrong product") -> Wrong product
A6: =IFERROR(__xludf.DUMMYFUNCTION("""COMPUTED_VALUE"""),2021.0) -> 2021 | B6: =IFERROR(__xludf.DUMMYFUNCTION("""COMPUTED_VALUE"""),10.0) -> 10 | C6: =IFERROR(__xludf.DUMMYFUNCTION("""COMPUTED_VALUE"""),1.0) -> 1 | D6: =IFERROR(__xludf.DUMMYFUNCTION("""COMPUTED_VALUE"""),1003322.0) -> 1003322 | E6: =IFERROR(__xludf.DUMMYFUNCTION("""COMPUTED_VALUE"""),1.0) -> 1 | F6: =IFERROR(__xludf.DUMMYFUNCTION("""COMPUTED_VALUE"""),0.0) -> 0 | G6: =IFERROR(__xludf.DUMMYFUNCTION("""COMPUTED_VALUE"""),10.0) -> 10 | H6: =IFERROR(__xludf.DUMMYFUNCTION("""COMPUTED_VALUE"""),"Return") -> Return
A7: =IFERROR(__xludf.DUMMYFUNCTION("""COMPUTED_VALUE"""),2021.0) -> 2021 | B7: =IFERROR(__xludf.DUMMYFUNCTION("""COMPUTED_VALUE"""),10.0) -> 10 | C7: =IFERROR(__xludf.DUMMYFUNCTION("""COMPUTED_VALUE"""),1.0) -> 1 | D7: =IFERROR(__xludf.DUMMYFUNCTION("""COMPUTED_VALUE"""),1003992.0) -> 1003992 | E7: =IFERROR(__xludf.DUMMYFUNCTION("""COMPUTED_VALUE"""),13.0) -> 13 | F7: =IFERROR(__xludf.DUMMYFUNCTION("""COMPUTED_VALUE"""),0.0) -> 0 | G7: =IFERROR(__xludf.DUMMYFUNCTION("""COMPUTED_VALUE"""),0.0) -> 0 | H7: =IFERROR(__xludf.DUMMYFUNCTION("""COMPUTED_VALUE"""),"Return") -> Return
A8: =IFERROR(__xludf.DUMMYFUNCTION("""COMPUTED_VALUE"""),2021.0) -> 2021 | B8: =IFERROR(__xludf.DUMMYFUNCTION("""COMPUTED_VALUE"""),10.0) -> 10 | C8: =IFERROR(__xludf.DUMMYFUNCTION("""COMPUTED_VALUE"""),1.0) -> 1 | D8: =IFERROR(__xludf.DUMMYFUNCTION("""COMPUTED_VALUE"""),1003540.0) -> 1003540 | E8: =IFERROR(__xludf.DUMMYFUNCTION("""COMPUTED_VALUE"""),2.0) -> 2 | F8: =IFERROR(__xludf.DUMMYFUNCTION("""COMPUTED_VALUE"""),0.0) -> 0 | G8: =IFERROR(__xludf.DUMMYFUNCTION("""COMPUTED_VALUE"""),0.0) -> 0 | H8: =IFERROR(__xludf.DUMMYFUNCTION("""COMPUTED_VALUE"""),"Return") -> Return
A9: =IFERROR(__xludf.DUMMYFUNCTION("""COMPUTED_VALUE"""),2021.0) -> 2021 | B9: =IFERROR(__xludf.DUMMYFUNCTION("""COMPUTED_VALUE"""),10.0) -> 10 | C9: =IFERROR(__xludf.DUMMYFUNCTION("""COMPUTED_VALUE"""),1.0) -> 1 | D9: =IFERROR(__xludf.DUMMYFUNCTION("""COMPUTED_VALUE"""),1003712.0) -> 1003712 | E9: =IFERROR(__xludf.DUMMYFUNCTION("""COMPUTED_VALUE"""),0.7595799120798356) -> 0.75957991 | F9: =IFERROR(__xludf.DUMMYFUNCTION("""COMPUTED_VALUE"""),0.0) -> 0 | G9: =IFERROR(__xludf.DUMMYFUNCTION("""COMPUTED_VALUE"""),10.0) -> 10 | H9: =IFERROR(__xludf.DUMMYFUNCTION("""COMPUTED_VALUE"""),"Return") -> Return
A10: =IFERROR(__xludf.DUMMYFUNCTION("""COMPUTED_VALUE"""),2021.0) -> 2021 | B10: =IFERROR(__xludf.DUMMYFUNCTION("""COMPUTED_VALUE"""),10.0) -> 10 | C10: =IFERROR(__xludf.DUMMYFUNCTION("""COMPUTED_VALUE"""),1.0) -> 1 | D10: =IFERROR(__xludf.DUMMYFUNCTION("""COMPUTED_VALUE"""),1003802.0) -> 1003802 | E10: =IFERROR(__xludf.DUMMYFUNCTION("""COMPUTED_VALUE"""),2.0) -> 2 | F10: =IFERROR(__xludf.DUMMYFUNCTION("""COMPUTED_VALUE"""),0.0) -> 0 | G10: =IFERROR(__xludf.DUMMYFUNCTION("""COMPUTED_VALUE"""),0.0) -> 0 | H10: =IFERROR(__xludf.DUMMYFUNCTION("""COMPUTED_VALUE"""),"Damage") -> Damage
A11: =IFERROR(__xludf.DUMMYFUNCTION("""COMPUTED_VALUE"""),2021.0) -> 2021 | B11: =IFERROR(__xludf.DUMMYFUNCTION("""COMPUTED_VALUE"""),10.0) -> 10 | C11: =IFERROR(__xludf.DUMMYFUNCTION("""COMPUTED_VALUE"""),1.0) -> 1 | D11: =IFERROR(__xludf.DUMMYFUNCTION("""COMPUTED_VALUE"""),1003568.0) -> 1003568 | E11: =IFERROR(__xludf.DUMMYFUNCTION("""COMPUTED_VALUE"""),3.0) -> 3 | F11: =IFERROR(__xludf.DUMMYFUNCTION("""COMPUTED_VALUE"""),5.75) -> 5.75 | G11: =IFERROR(__xludf.DUMMYFUNCTION("""COMPUTED_VALUE"""),0.0) -> 0 | H11: =IFERROR(__xludf.DUMMYFUNCTION("""COMPUTED_VALUE"""),"Return") -> Return
A12: =IFERROR(__xludf.DUMMYFUNCTION("""COMPUTED_VALUE"""),2021.0) -> 2021 | B12: =IFERROR(__xludf.DUMMYFUNCTION("""COMPUTED_VALUE"""),10.0) -> 10 | C12: =IFERROR(__xludf.DUMMYFUNCTION("""COMPUTED_VALUE"""),1.0) -> 1 | D12: =IFERROR(__xludf.DUMMYFUNCTION("""COMPUTED_VALUE"""),1003822.0) -> 1003822 | E12: =IFERROR(__xludf.DUMMYFUNCTION("""COMPUTED_VALUE"""),2.0) -> 2 | F12: =IFERROR(__xludf.DUMMYFUNCTION("""COMPUTED_VALUE"""),0.0) -> 0 | G12: =IFERROR(__xludf.DUMMYFUNCTION("""COMPUTED_VALUE"""),0.0) -> 0 | H12: =IFERROR(__xludf.DUMMYFUNCTION("""COMPUTED_VALUE"""),"Return") -> Return
A13: =IFERROR(__xludf.DUMMYFUNCTION("""COMPUTED_VALUE"""),2021.0) -> 2021 | B13: =IFERROR(__xludf.DUMMYFUNCTION("""COMPUTED_VALUE"""),10.0) -> 10 | C13: =IFERROR(__xludf.DUMMYFUNCTION("""COMPUTED_VALUE"""),1.0) -> 1 | D13: =IFERROR(__xludf.DUMMYFUNCTION("""COMPUTED_VALUE"""),1003395.0) -> 1003395 | E13: =IFERROR(__xludf.DUMMYFUNCTION("""COMPUTED_VALUE"""),1.0) -> 1 | F13: =IFERROR(__xludf.DUMMYFUNCTION("""COMPUTED_VALUE"""),0.0) -> 0 | G13: =IFERROR(__xludf.DUMMYFUNCTION("""COMPUTED_VALUE"""),10.0) -> 10 | H13: =IFERROR(__xludf.DUMMYFUNCTION("""COMPUTED_VALUE"""),"Return") -> Return
A14: =IFERROR(__xludf.DUMMYFUNCTION("""COMPUTED_VALUE"""),2021.0) -> 2021 | B14: =IFERROR(__xludf.DUMMYFUNCTION("""COMPUTED_VALUE"""),10.0) -> 10 | C14: =IFERROR(__xludf.DUMMYFUNCTION("""COMPUTED_VALUE"""),1.0) -> 1 | D14: =IFERROR(__xludf.DUMMYFUNCTION("""COMPUTED_VALUE"""),1003641.0) -> 1003641 | E14: =IFERROR(__xludf.DUMMYFUNCTION("""COMPUTED_VALUE"""),9.0) -> 9 | F14: =IFERROR(__xludf.DUMMYFUNCTION("""COMPUTED_VALUE"""),0.0) -> 0 | G14: =IFERROR(__xludf.DUMMYFUNCTION("""COMPUTED_VALUE"""),0.0) -> 0 | H14: =IFERROR(__xludf.DUMMYFUNCTION("""COMPUTED_VALUE"""),"Return") -> Return
A15: =IFERROR(__xludf.DUMMYFUNCTION("""COMPUTED_VALUE"""),2021.0) -> 2021 | B15: =IFERROR(__xludf.DUMMYFUNCTION("""COMPUTED_VALUE"""),10.0) -> 10 | C15: =IFERROR(__xludf.DUMMYFUNCTION("""COMPUTED_VALUE"""),1.0) -> 1 | D15: =IFERROR(__xludf.DUMMYFUNCTION("""COMPUTED_VALUE"""),1003698.0) -> 1003698 | E15: =IFERROR(__xludf.DUMMYFUNCTION("""COMPUTED_VALUE"""),1.0) -> 1 | F15: =IFERROR(__xludf.DUMMYFUNCTION("""COMPUTED_VALUE"""),6.64) -> 6.64 | G15: =IFERROR(__xludf.DUMMYFUNCTION("""COMPUTED_VALUE"""),0.0) -> 0 | H15: =IFERROR(__xludf.DUMMYFUNCTION("""COMPUTED_VALUE"""),"Return") -> Return
A16: =IFERROR(__xludf.DUMMYFUNCTION("""COMPUTED_VALUE"""),2021.0) -> 2021 | B16: =IFERROR(__xludf.DUMMYFUNCTION("""COMPUTED_VALUE"""),10.0) -> 10 | C16: =IFERROR(__xludf.DUMMYFUNCTION("""COMPUTED_VALUE"""),1.0) -> 1 | D16: =IFERROR(__xludf.DUMMYFUNCTION("""COMPUTED_VALUE"""),1003880.0) -> 1003880 | E16: =IFERROR(__xludf.DUMMYFUNCTION("""COMPUTED_VALUE"""),2.0) -> 2 | F16: =IFERROR(__xludf.DUMMYFUNCTION("""COMPUTED_VALUE"""),4.63) -> 4.63 | G16: =IFERROR(__xludf.DUMMYFUNCTION("""COMPUTED_VALUE"""),0.0) -> 0 | H16: =IFERROR(__xludf.DUMMYFUNCTION("""COMPUTED_VALUE"""),"Return") -> Return
A17: =IFERROR(__xludf.DUMMYFUNCTION("""COMPUTED_VALUE"""),2021.0) -> 2021 | B17: =IFERROR(__xludf.DUMMYFUNCTION("""COMPUTED_VALUE"""),10.0) -> 10 | C17: =IFERROR(__xludf.DUMMYFUNCTION("""COMPUTED_VALUE"""),1.0) -> 1 | D17: =IFERROR(__xludf.DUMMYFUNCTION("""COMPUTED_VALUE"""),1003851.0) -> 1003851 | E17: =IFERROR(__xludf.DUMMYFUNCTION("""COMPUTED_VALUE"""),2.0) -> 2 | F17: =IFERROR(__xludf.DUMMYFUNCTION("""COMPUTED_VALUE"""),0.0) -> 0 | G17: =IFERROR(__xludf.DUMMYFUNCTION("""COMPUTED_VALUE"""),0.0) -> 0 | H17: =IFERROR(__xludf.DUMMYFUNCTION("""COMPUTED_VALUE"""),"Damage") -> Damage
A18: =IFERROR(__xludf.DUMMYFUNCTION("""COMPUTED_VALUE"""),2021.0) -> 2021 | B18: =IFERROR(__xludf.DUMMYFUNCTION("""COMPUTED_VALUE"""),10.0) -> 10 | C18: =IFERROR(__xludf.DUMMYFUNCTION("""COMPUTED_VALUE"""),1.0) -> 1 | D18: =IFERROR(__xludf.DUMMYFUNCTION("""COMPUTED_VALUE"""),1003501.0) -> 1003501 | E18: =IFERROR(__xludf.DUMMYFUNCTION("""COMPUTED_VALUE"""),1.0) -> 1 | F18: =IFERROR(__xludf.DUMMYFUNCTION("""COMPUTED_VALUE"""),0.0) -> 0 | G18: =IFERROR(__xludf.DUMMYFUNCTION("""COMPUTED_VALUE"""),5.0) -> 5 | H18: =IFERROR(__xludf.DUMMYFUNCTION("""COMPUTED_VALUE"""),"Return") -> Return
A19: =IFERROR(__xludf.DUMMYFUNCTION("""COMPUTED_VALUE"""),2021.0) -> 2021 | B19: =IFERROR(__xludf.DUMMYFUNCTION("""COMPUTED_VALUE"""),10.0) -> 10 | C19: =IFERROR(__xludf.DUMMYFUNCTION("""COMPUTED_VALUE"""),1.0) -> 1 | D19: =IFERROR(__xludf.DUMMYFUNCTION("""COMPUTED_VALUE"""),1004010.0) -> 1004010 | E19: =IFERROR(__xludf.DUMMYFUNCTION("""COMPUTED_VALUE"""),1.0) -> 1 | F19: =IFERROR(__xludf.DUMMYFUNCTION("""COMPUTED_VALUE"""),0.0) -> 0 | G19: =IFERROR(__xludf.DUMMYFUNCTION("""COMPUTED_VALUE"""),0.0) -> 0 | H19: =IFERROR(__xludf.DUMMYFUNCTION("""COMPUTED_VALUE"""),"Wrong product") -> Wrong product
A20: =IFERROR(__xludf.DUMMYFUNCTION("""COMPUTED_VALUE"""),2021.0) -> 2021 | B20: =IFERROR(__xludf.DUMMYFUNCTION("""COMPUTED_VALUE"""),10.0) -> 10 | C20: =IFERROR(__xludf.DUMMYFUNCTION("""COMPUTED_VALUE"""),1.0) -> 1 | D20: =IFERROR(__xludf.DUMMYFUNCTION("""COMPUTED_VALUE"""),1003808.0) -> 1003808 | E20: =IFERROR(__xludf.DUMMYFUNCTION("""COMPUTED_VALUE"""),0.43335126759828724) -> 0.43335127 | F20: =IFERROR(__xludf.DUMMYFUNCTION("""COMPUTED_VALUE"""),0.0) -> 0 | G20: =IFERROR(__xludf.DUMMYFUNCTION("""COMPUTED_VALUE"""),0.0) -> 0 | H20: =IFERROR(__xludf.DUMMYFUNCTION("""COMPUTED_VALUE"""),"Wrong product") -> Wrong product
A21: =IFERROR(__xludf.DUMMYFUNCTION("""COMPUTED_VALUE"""),2021.0) -> 2021 | B21: =IFERROR(__xludf.DUMMYFUNCTION("""COMPUTED_VALUE"""),10.0) -> 10 | C21: =IFERROR(__xludf.DUMMYFUNCTION("""COMPUTED_VALUE"""),1.0) -> 1 | D21: =IFERROR(__xludf.DUMMYFUNCTION("""COMPUTED_VALUE"""),1003454.0) -> 1003454 | E21: =IFERROR(__xludf.DUMMYFUNCTION("""COMPUTED_VALUE"""),4.0) -> 4 | F21: =IFERROR(__xludf.DUMMYFUNCTION("""COMPUTED_VALUE"""),0.0) -> 0 | G21: =IFERROR(__xludf.DUMMYFUNCTION("""COMPUTED_VALUE"""),0.0) -> 0 | H21: =IFERROR(__xludf.DUMMYFUNCTION("""COMPUTED_VALUE"""),"Wrong product") -> Wrong product
A22: =IFERROR(__xludf.DUMMYFUNCTION("""COMPUTED_VALUE"""),2021.0) -> 2021 | B22: =IFERROR(__xludf.DUMMYFUNCTION("""COMPUTED_VALUE"""),10.0) -> 10 | C22: =IFERROR(__xludf.DUMMYFUNCTION("""COMPUTED_VALUE"""),1.0) -> 1 | D22: =IFERROR(__xludf.DUMMYFUNCTION("""COMPUTED_VALUE"""),1003446.0) -> 1003446 | E22: =IFERROR(__xludf.DUMMYFUNCTION("""COMPUTED_VALUE"""),3.0) -> 3 | F22: =IFERROR(__xludf.DUMMYFUNCTION("""COMPUTED_VALUE"""),0.0) -> 0 | G22: =IFERROR(__xludf.DUMMYFUNCTION("""COMPUTED_VALUE"""),0.0) -> 0 | H22: =IFERROR(__xludf.DUMMYFUNCTION("""COMPUTED_VALUE"""),"Wrong product") -> Wrong product
A23: =IFERROR(__xludf.DUMMYFUNCTION("""COMPUTED_VALUE"""),2021.0) -> 2021 | B23: =IFERROR(__xludf.DUMMYFUNCTION("""COMPUTED_VALUE"""),10.0) -> 10 | C23: =IFERROR(__xludf.DUMMYFUNCTION("""COMPUTED_VALUE"""),1.0) -> 1 | D23: =IFERROR(__xludf.DUMMYFUNCTION("""COMPUTED_VALUE"""),1003723.0) -> 1003723 | E23: =IFERROR(__xludf.DUMMYFUNCTION("""COMPUTED_VALUE"""),1.0) -> 1 | F23: =IFERROR(__xludf.DUMMYFUNCTION("""COMPUTED_VALUE"""),0.0) -> 0 | G23: =IFERROR(__xludf.DUMMYFUNCTION("""COMPUTED_VALUE"""),0.0) -> 0 | H23: =IFERROR(__xludf.DUMMYFUNCTION("""COMPUTED_VALUE"""),"Damage") -> Damage
A24: =IFERROR(__xludf.DUMMYFUNCTION("""COMPUTED_VALUE"""),2021.0) -> 2021 | B24: =IFERROR(__xludf.DUMMYFUNCTION("""COMPUTED_VALUE"""),10.0) -> 10 | C24: =IFERROR(__xludf.DUMMYFUNCTION("""COMPUTED_VALUE"""),1.0) -> 1 | D24: =IFERROR(__xludf.DUMMYFUNCTION("""COMPUTED_VALUE"""),1003634.0) -> 1003634 | E24: =IFERROR(__xludf.DUMMYFUNCTION("""COMPUTED_VALUE"""),3.0) -> 3 | F24: =IFERROR(__xludf.DUMMYFUNCTION("""COMPUTED_VALUE"""),0.0) -> 0 | G24: =IFERROR(__xludf.DUMMYFUNCTION("""COMPUTED_VALUE"""),0.0) -> 0 | H24: =IFERROR(__xludf.DUMMYFUNCTION("""COMPUTED_VALUE"""),"Damage") -> Damage
A25: =IFERROR(__xludf.DUMMYFUNCTION("""COMPUTED_VALUE"""),2021.0) -> 2021 | B25: =IFERROR(__xludf.DUMMYFUNCTION("""COMPUTED_VALUE"""),10.0) -> 10 | C25: =IFERROR(__xludf.DUMMYFUNCTION("""COMPUTED_VALUE"""),1.0) -> 1 | D25: =IFERROR(__xludf.DUMMYFUNCTION("""COMPUTED_VALUE"""),1003584.0) -> 1003584 | E25: =IFERROR(__xludf.DUMMYFUNCTION("""COMPUTED_VALUE"""),1.0) -> 1 | F25: =IFERROR(__xludf.DUMMYFUNCTION("""COMPUTED_VALUE"""),0.0) -> 0 | G25: =IFERROR(__xludf.DUMMYFUNCTION("""COMPUTED_VALUE"""),0.0) -> 0 | H25: =IFERROR(__xludf.DUMMYFUNCTION("""COMPUTED_VALUE"""),"Wrong product") -> Wrong product
A26: =IFERROR(__xludf.DUMMYFUNCTION("""COMPUTED_VALUE"""),2021.0) -> 2021 | B26: =IFERROR(__xludf.DUMMYFUNCTION("""COMPUTED_VALUE"""),10.0) -> 10 | C26: =IFERROR(__xludf.DUMMYFUNCTION("""COMPUTED_VALUE"""),1.0) -> 1 | D26: =IFERROR(__xludf.DUMMYFUNCTION("""COMPUTED_VALUE"""),1003298.0) -> 1003298 | E26: =IFERROR(__xludf.DUMMYFUNCTION("""COMPUTED_VALUE"""),18.0) -> 18 | F26: =IFERROR(__xludf.DUMMYFUNCTION("""COMPUTED_VALUE"""),0.0) -> 0 | G26: =IFERROR(__xludf.DUMMYFUNCTION("""COMPUTED_VALUE"""),8.0) -> 8 | H26: =IFERROR(__xludf.DUMMYFUNCTION("""COMPUTED_VALUE"""),"Return") -> Return
A27: =IFERROR(__xludf.DUMMYFUNCTION("""COMPUTED_VALUE"""),2021.0) -> 2021 | B27: =IFERROR(__xludf.DUMMYFUNCTION("""COMPUTED_VALUE"""),10.0) -> 10 | C27: =IFERROR(__xludf.DUMMYFUNCTION("""COMPUTED_VALUE"""),1.0) -> 1 | D27: =IFERROR(__xludf.DUMMYFUNCTION("""COMPUTED_VALUE"""),1003500.0) -> 1003500 | E27: =IFERROR(__xludf.DUMMYFUNCTION("""COMPUTED_VALUE"""),3.0) -> 3 | F27: =IFERROR(__xludf.DUMMYFUNCTION("""COMPUTED_VALUE"""),0.0) -> 0 | G27: =IFERROR(__xludf.DUMMYFUNCTION("""COMPUTED_VALUE"""),0.0) -> 0 | H27: =IFERROR(__xludf.DUMMYFUNCTION("""COMPUTED_VALUE"""),"Damage") -> Damage
A28: =IFERROR(__xludf.DUMMYFUNCTION("""COMPUTED_VALUE"""),2021.0) -> 2021 | B28: =IFERROR(__xludf.DUMMYFUNCTION("""COMPUTED_VALUE"""),10.0) -> 10 | C28: =IFERROR(__xludf.DUMMYFUNCTION("""COMPUTED_VALUE"""),1.0) -> 1 | D28: =IFERROR(__xludf.DUMMYFUNCTION("""COMPUTED_VALUE"""),1003730.0) -> 1003730 | E28: =IFERROR(__xludf.DUMMYFUNCTION("""COMPUTED_VALUE"""),3.0) -> 3 | F28: =IFERROR(__xludf.DUMMYFUNCTION("""COMPUTED_VALUE"""),0.0) -> 0 | G28: =IFERROR(__xludf.DUMMYFUNCTION("""COMPUTED_VALUE"""),0.0) -> 0 | H28: =IFERROR(__xludf.DUMMYFUNCTION("""COMPUTED_VALUE"""),"Damage") -> Damage
A29: =IFERROR(__xludf.DUMMYFUNCTION("""COMPUTED_VALUE"""),2021.0) -> 2021 | B29: =IFERROR(__xludf.DUMMYFUNCTION("""COMPUTED_VALUE"""),10.0) -> 10 | C29: =IFERROR(__xludf.DUMMYFUNCTION("""COMPUTED_VALUE"""),1.0) -> 1 | D29: =IFERROR(__xludf.DUMMYFUNCTION("""COMPUTED_VALUE"""),1003312.0) -> 1003312 | E29: =IFERROR(__xludf.DUMMYFUNCTION("""COMPUTED_VALUE"""),6.0) -> 6 | F29: =IFERROR(__xludf.DUMMYFUNCTION("""COMPUTED_VALUE"""),0.0) -> 0 | G29: =IFERROR(__xludf.DUMMYFUNCTION("""COMPUTED_VALUE"""),0.0) -> 0 | H29: =IFERROR(__xludf.DUMMYFUNCTION("""COMPUTED_VALUE"""),"Damage") -> Damage
A30: =IFERROR(__xludf.DUMMYFUNCTION("""COMPUTED_VALUE"""),2021.0) -> 2021 | B30: =IFERROR(__xludf.DUMMYFUNCTION("""COMPUTED_VALUE"""),10.0) -> 10 | C30: =IFERROR(__xludf.DUMMYFUNCTION("""COMPUTED_VALUE"""),1.0) -> 1 | D30: =IFERROR(__xludf.DUMMYFUNCTION("""COMPUTED_VALUE"""),1004011.0) -> 1004011 | E30: =IFERROR(__xludf.DUMMYFUNCTION("""COMPUTED_VALUE"""),1.0) -> 1 | F30: =IFERROR(__xludf.DUMMYFUNCTION("""COMPUTED_VALUE"""),0.0) -> 0 | G30: =IFERROR(__xludf.DUMMYFUNCTION("""COMPUTED_VALUE"""),5.0) -> 5 | H30: =IFERROR(__xludf.DUMMYFUNCTION("""COMPUTED_VALUE"""),"Return") -> Return
A31: =IFERROR(__xludf.DUMMYFUNCTION("""COMPUTED_VALUE"""),2021.0) -> 2021 | B31: =IFERROR(__xludf.DUMMYFUNCTION("""COMPUTED_VALUE"""),10.0) -> 10 | C31: =IFERROR(__xludf.DUMMYFUNCTION("""COMPUTED_VALUE"""),1.0) -> 1 | D31: =IFERROR(__xludf.DUMMYFUNCTION("""COMPUTED_VALUE"""),1003598.0) -> 1003598 | E31: =IFERROR(__xludf.DUMMYFUNCTION("""COMPUTED_VALUE"""),1.0) -> 1 | F31: =IFERROR(__xludf.DUMMYFUNCTION("""COMPUTED_VALUE"""),0.0) -> 0 | G31: =IFERROR(__xludf.DUMMYFUNCTION("""COMPUTED_VALUE"""),10.0) -> 10 | H31: =IFERROR(__xludf.DUMMYFUNCTION("""COMPUTED_VALUE"""),"Return") -> Return
A32: =IFERROR(__xludf.DUMMYFUNCTION("""COMPUTED_VALUE"""),2021.0) -> 2021 | B32: =IFERROR(__xludf.DUMMYFUNCTION("""COMPUTED_VALUE"""),10.0) -> 10 | C32: =IFERROR(__xludf.DUMMYFUNCTION("""COMPUTED_VALUE"""),1.0) -> 1 | D32: =IFERROR(__xludf.DUMMYFUNCTION("""COMPUTED_VALUE"""),1003593.0) -> 1003593 | E32: =IFERROR(__xludf.DUMMYFUNCTION("""COMPUTED_VALUE"""),2.0) -> 2 | F32: =IFERROR(__xludf.DUMMYFUNCTION("""COMPUTED_VALUE"""),0.0) -> 0 | G32: =IFERROR(__xludf.DUMMYFUNCTION("""COMPUTED_VALUE"""),0.0) -> 0 | H32: =IFERROR(__xludf.DUMMYFUNCTION("""COMPUTED_VALUE"""),"Return") -> Return
A33: =IFERROR(__xludf.DUMMYFUNCTION("""COMPUTED_VALUE"""),2021.0) -> 2021 | B33: =IFERROR(__xludf.DUMMYFUNCTION("""COMPUTED_VALUE"""),10.0) -> 10 | C33: =IFERROR(__xludf.DUMMYFUNCTION("""COMPUTED_VALUE"""),1.0) -> 1 | D33: =IFERROR(__xludf.DUMMYFUNCTION("""COMPUTED_VALUE"""),1003406.0) -> 1003406 | E33: =IFERROR(__xludf.DUMMYFUNCTION("""COMPUTED_VALUE"""),1.0) -> 1 | F33: =IFERROR(__xludf.DUMMYFUNCTION("""COMPUTED_VALUE"""),0.0) -> 0 | G33: =IFERROR(__xludf.DUMMYFUNCTION("""COMPUTED_VALUE"""),0.0) -> 0 | H33: =IFERROR(__xludf.DUMMYFUNCTION("""COMPUTED_VALUE"""),"Wrong product") -> Wrong product
A34: =IFERROR(__xludf.DUMMYFUNCTION("""COMPUTED_VALUE"""),2021.0) -> 2021 | B34: =IFERROR(__xludf.DUMMYFUNCTION("""COMPUTED_VALUE"""),10.0) -> 10 | C34: =IFERROR(__xludf.DUMMYFUNCTION("""COMPUTED_VALUE"""),1.0) -> 1 | D34: =IFERROR(__xludf.DUMMYFUNCTION("""COMPUTED_VALUE"""),1003629.0) -> 1003629 | E34: =IFERROR(__xludf.DUMMYFUNCTION("""COMPUTED_VALUE"""),5.0) -> 5 | F34: =IFERROR(__xludf.DUMMYFUNCTION("""COMPUTED_VALUE"""),0.0) -> 0 | G34: =IFERROR(__xludf.DUMMYFUNCTION("""COMPUTED_VALUE"""),8.09) -> 8.09 | H34: =IFERROR(__xludf.DUMMYFUNCTION("""COMPUTED_VALUE"""),"Return") -> Return
A35: =IFERROR(__xludf.DUMMYFUNCTION("""COMPUTED_VALUE"""),2021.0) -> 2021 | B35: =IFERROR(__xludf.DUMMYFUNCTION("""COMPUTED_VALUE"""),10.0) -> 10 | C35: =IFERROR(__xludf.DUMMYFUNCTION("""COMPUTED_VALUE"""),1.0) -> 1 | D35: =IFERROR(__xludf.DUMMYFUNCTION("""COMPUTED_VALUE"""),1003326.0) -> 1003326 | E35: =IFERROR(__xludf.DUMMYFUNCTION("""COMPUTED_VALUE"""),5.0) -> 5 | F35: =IFERROR(__xludf.DUMMYFUNCTION("""COMPUTED_VALUE"""),0.0) -> 0 | G35: =IFERROR(__xludf.DUMMYFUNCTION("""COMPUTED_VALUE"""),0.0) -> 0 | H35: =IFERROR(__xludf.DUMMYFUNCTION("""COMPUTED_VALUE"""),"Damage") -> Damage
A36: =IFERROR(__xludf.DUMMYFUNCTION("""COMPUTED_VALUE"""),2021.0) -> 2021 | B36: =IFERROR(__xludf.DUMMYFUNCTION("""COMPUTED_VALUE"""),10.0) -> 10 | C36: =IFERROR(__xludf.DUMMYFUNCTION("""COMPUTED_VALUE"""),1.0) -> 1 | D36: =IFERROR(__xludf.DUMMYFUNCTION("""COMPUTED_VALUE"""),1003967.0) -> 1003967 | E36: =IFERROR(__xludf.DUMMYFUNCTION("""COMPUTED_VALUE"""),6.0) -> 6 | F36: =IFERROR(__xludf.DUMMYFUNCTION("""COMPUTED_VALUE"""),0.0) -> 0 | G36: =IFERROR(__xludf.DUMMYFUNCTION("""COMPUTED_VALUE"""),0.0) -> 0 | H36: =IFERROR(__xludf.DUMMYFUNCTION("""COMPUTED_VALUE"""),"Return") -> Return
A37: =IFERROR(__xludf.DUMMYFUNCTION("""COMPUTED_VALUE"""),2021.0) -> 2021 | B37: =IFERROR(__xludf.DUMMYFUNCTION("""COMPUTED_VALUE"""),10.0) -> 10 | C37: =IFERROR(__xludf.DUMMYFUNCTION("""COMPUTED_VALUE"""),1.0) -> 1 | D37: =IFERROR(__xludf.DUMMYFUNCTION("""COMPUTED_VALUE"""),1003650.0) -> 1003650 | E37: =IFERROR(__xludf.DUMMYFUNCTION("""COMPUTED_VALUE"""),1.0) -> 1 | F37: =IFERROR(__xludf.DUMMYFUNCTION("""COMPUTED_VALUE"""),0.0) -> 0 | G37: =IFERROR(__xludf.DUMMYFUNCTION("""COMPUTED_VALUE"""),0.0) -> 0 | H37: =IFERROR(__xludf.DUMMYFUNCTION("""COMPUTED_VALUE"""),"Damage") -> Damage
A38: =IFERROR(__xludf.DUMMYFUNCTION("""COMPUTED_VALUE"""),2021.0) -> 2021 | B38: =IFERROR(__xludf.DUMMYFUNCTION("""COMPUTED_VALUE"""),10.0) -> 10 | C38: =IFERROR(__xludf.DUMMYFUNCTION("""COMPUTED_VALUE"""),1.0) -> 1 | D38: =IFERROR(__xludf.DUMMYFUNCTION("""COMPUTED_VALUE"""),1003389.0) -> 1003389 | E38: =IFERROR(__xludf.DUMMYFUNCTION("""COMPUTED_VALUE"""),4.0) -> 4 | F38: =IFERROR(__xludf.DUMMYFUNCTION("""COMPUTED_VALUE"""),0.0) -> 0 | G38: =IFERROR(__xludf.DUMMYFUNCTION("""COMPUTED_VALUE"""),0.0) -> 0 | H38: =IFERROR(__xludf.DUMMYFUNCTION("""COMPUTED_VALUE"""),"Wrong product") -> Wrong product
A39: =IFERROR(__xludf.DUMMYFUNCTION("""COMPUTED_VALUE"""),2021.0) -> 2021 | B39: =IFERROR(__xludf.DUMMYFUNCTION("""COMPUTED_VALUE"""),10.0) -> 10 | C39: =IFERROR(__xludf.DUMMYFUNCTION("""COMPUTED_VALUE"""),1.0) -> 1 | D39: =IFERROR(__xludf.DUMMYFUNCTION("""COMPUTED_VALUE"""),1003330.0) -> 1003330 | E39: =IFERROR(__xludf.DUMMYFUNCTION("""COMPUTED_VALUE"""),3.0) -> 3 | F39: =IFERROR(__xludf.DUMMYFUNCTION("""COMPUTED_VALUE"""),0.0) -> 0 | G39: =IFERROR(__xludf.DUMMYFUNCTION("""COMPUTED_VALUE"""),0.0) -> 0 | H39: =IFERROR(__xludf.DUMMYFUNCTION("""COMPUTED_VALUE"""),"Return") -> Return
A40: =IFERROR(__xludf.DUMMYFUNCTION("""COMPUTED_VALUE"""),2021.0) -> 2021 | B40: =IFERROR(__xludf.DUMMYFUNCTION("""COMPUTED_VALUE"""),10.0) -> 10 | C40: =IFERROR(__xludf.DUMMYFUNCTION("""COMPUTED_VALUE"""),1.0) -> 1 | D40: =IFERROR(__xludf.DUMMYFUNCTION("""COMPUTED_VALUE"""),1003780.0) -> 1003780 | E40: =IFERROR(__xludf.DUMMYFUNCTION("""COMPUTED_VALUE"""),2.0) -> 2 | F40: =IFERROR(__xludf.DUMMYFUNCTION("""COMPUTED_VALUE"""),0.0) -> 0 | G40: =IFERROR(__xludf.DUMMYFUNCTION("""COMPUTED_VALUE"""),0.0) -> 0 | H40: =IFERROR(__xludf.DUMMYFUNCTION("""COMPUTED_VALUE"""),"Return") -> Return
A41: =IFERROR(__xludf.DUMMYFUNCTION("""COMPUTED_VALUE"""),2021.0) -> 2021 | B41: =IFERROR(__xludf.DUMMYFUNCTION("""COMPUTED_VALUE"""),10.0) -> 10 | C41: =IFERROR(__xludf.DUMMYFUNCTION("""COMPUTED_VALUE"""),1.0) -> 1 | D41: =IFERROR(__xludf.DUMMYFUNCTION("""COMPUTED_VALUE"""),1003787.0) -> 1003787 | E41: =IFERROR(__xludf.DUMMYFUNCTION("""COMPUTED_VALUE"""),1.0) -> 1 | F41: =IFERROR(__xludf.DUMMYFUNCTION("""COMPUTED_VALUE"""),0.0) -> 0 | G41: =IFERROR(__xludf.DUMMYFUNCTION("""COMPUTED_VALUE"""),0.0) -> 0 | H41: =IFERROR(__xludf.DUMMYFUNCTION("""COMPUTED_VALUE"""),"Return") -> Return
A42: =IFERROR(__xludf.DUMMYFUNCTION("""COMPUTED_VALUE"""),2021.0) -> 2021 | B42: =IFERROR(__xludf.DUMMYFUNCTION("""COMPUTED_VALUE"""),10.0) -> 10 | C42: =IFERROR(__xludf.DUMMYFUNCTION("""COMPUTED_VALUE"""),1.0) -> 1 | D42: =IFERROR(__xludf.DUMMYFUNCTION("""COMPUTED_VALUE"""),1003803.0) -> 1003803 | E42: =IFERROR(__xludf.DUMMYFUNCTION("""COMPUTED_VALUE"""),2.0) -> 2 | F42: =IFERROR(__xludf.DUMMYFUNCTION("""COMPUTED_VALUE"""),0.0) -> 0 | G42: =IFERROR(__xludf.DUMMYFUNCTION("""COMPUTED_VALUE"""),0.0) -> 0 | H42: =IFERROR(__xludf.DUMMYFUNCTION("""COMPUTED_VALUE"""),"Return") -> Return
A43: =IFERROR(__xludf.DUMMYFUNCTION("""COMPUTED_VALUE"""),2021.0) -> 2021 | B43: =IFERROR(__xludf.DUMMYFUNCTION("""COMPUTED_VALUE"""),10.0) -> 10 | C43: =IFERROR(__xludf.DUMMYFUNCTION("""COMPUTED_VALUE"""),1.0) -> 1 | D43: =IFERROR(__xludf.DUMMYFUNCTION("""COMPUTED_VALUE"""),1003761.0) -> 1003761 | E43: =IFERROR(__xludf.DUMMYFUNCTION("""COMPUTED_VALUE"""),1.0) -> 1 | F43: =IFERROR(__xludf.DUMMYFUNCTION("""COMPUTED_VALUE"""),0.0) -> 0 | G43: =IFERROR(__xludf.DUMMYFUNCTION("""COMPUTED_VALUE"""),0.0) -> 0 | H43: =IFERROR(__xludf.DUMMYFUNCTION("""COMPUTED_VALUE"""),"Return") -> Return
A44: =IFERROR(__xludf.DUMMYFUNCTION("""COMPUTED_VALUE"""),2021.0) -> 2021 | B44: =IFERROR(__xludf.DUMMYFUNCTION("""COMPUTED_VALUE"""),10.0) -> 10 | C44: =IFERROR(__xludf.DUMMYFUNCTION("""COMPUTED_VALUE"""),1.0) -> 1 | D44: =IFERROR(__xludf.DUMMYFUNCTION("""COMPUTED_VALUE"""),1003981.0) -> 1003981 | E44: =IFERROR(__xludf.DUMMYFUNCTION("""COMPUTED_VALUE"""),2.0) -> 2 | F44: =IFERROR(__xludf.DUMMYFUNCTION("""COMPUTED_VALUE"""),0.0) -> 0 | G44: =IFERROR(__xludf.DUMMYFUNCTION("""COMPUTED_VALUE"""),5.0) -> 5 | H44: =IFERROR(__xludf.DUMMYFUNCTION("""COMPUTED_VALUE"""),"Damage") -> Damage
A45: =IFERROR(__xludf.DUMMYFUNCTION("""COMPUTED_VALUE"""),2021.0) -> 2021 | B45: =IFERROR(__xludf.DUMMYFUNCTION("""COMPUTED_VALUE"""),10.0) -> 10 | C45: =IFERROR(__xludf.DUMMYFUNCTION("""COMPUTED_VALUE"""),1.0) -> 1 | D45: =IFERROR(__xludf.DUMMYFUNCTION("""COMPUTED_VALUE"""),1003997.0) -> 1003997 | E45: =IFERROR(__xludf.DUMMYFUNCTION("""COMPUTED_VALUE"""),12.0) -> 12 | F45: =IFERROR(__xludf.DUMMYFUNCTION("""COMPUTED_VALUE"""),0.0) -> 0 | G45: =IFERROR(__xludf.DUMMYFUNCTION("""COMPUTED_VALUE"""),10.0) -> 10 | H45: =IFERROR(__xludf.DUMMYFUNCTION("""COMPUTED_VALUE"""),"Wrong product") -> Wrong product
A46: =IFERROR(__xludf.DUMMYFUNCTION("""COMPUTED_VALUE"""),2021.0) -> 2021 | B46: =IFERROR(__xludf.DUMMYFUNCTION("""COMPUTED_VALUE"""),10.0) -> 10 | C46: =IFERROR(__xludf.DUMMYFUNCTION("""COMPUTED_VALUE"""),1.0) -> 1 | D46: =IFERROR(__xludf.DUMMYFUNCTION("""COMPUTED_VALUE"""),1003484.0) -> 1003484 | E46: =IFERROR(__xludf.DUMMYFUNCTION("""COMPUTED_VALUE"""),0.7571081116299295) -> 0.75710811 | F46: =IFERROR(__xludf.DUMMYFUNCTION("""COMPUTED_VALUE"""),0.0) -> 0 | G46: =IFERROR(__xludf.DUMMYFUNCTION("""COMPUTED_VALUE"""),0.0) -> 0 | H46: =IFERROR(__xludf.DUMMYFUNCTION("""COMPUTED_VALUE"""),"Damage") -> Damage
A47: =IFERROR(__xludf.DUMMYFUNCTION("""COMPUTED_VALUE"""),2021.0) -> 2021 | B47: =IFERROR(__xludf.DUMMYFUNCTION("""COMPUTED_VALUE"""),10.0) -> 10 | C47: =IFERROR(__xludf.DUMMYFUNCTION("""COMPUTED_VALUE"""),1.0) -> 1 | D47: =IFERROR(__xludf.DUMMYFUNCTION("""COMPUTED_VALUE"""),1003645.0) -> 1003645 | E47: =IFERROR(__xludf.DUMMYFUNCTION("""COMPUTED_VALUE"""),1.0) -> 1 | F47: =IFERROR(__xludf.DUMMYFUNCTION("""COMPUTED_VALUE"""),0.0) -> 0 | G47: =IFERROR(__xludf.DUMMYFUNCTION("""COMPUTED_VALUE"""),0.0) -> 0 | H47: =IFERROR(__xludf.DUMMYFUNCTION("""COMPUTED_VALUE"""),"Damage") -> Damage
A48: =IFERROR(__xludf.DUMMYFUNCTION("""COMPUTED_VALUE"""),2021.0) -> 2021 | B48: =IFERROR(__xludf.DUMMYFUNCTION("""COMPUTED_VALUE"""),10.0) -> 10 | C48: =IFERROR(__xludf.DUMMYFUNCTION("""COMPUTED_VALUE"""),1.0) -> 1 | D48: =IFERROR(__xludf.DUMMYFUNCTION("""COMPUTED_VALUE"""),1003642.0) -> 1003642 | E48: =IFERROR(__xludf.DUMMYFUNCTION("""COMPUTED_VALUE"""),1.0) -> 1 | F48: =IFERROR(__xludf.DUMMYFUNCTION("""COMPUTED_VALUE"""),0.0) -> 0 | G48: =IFERROR(__xludf.DUMMYFUNCTION("""COMPUTED_VALUE"""),5.0) -> 5 | H48: =IFERROR(__xludf.DUMMYFUNCTION("""COMPUTED_VALUE"""),"Return") -> Return
A49: =IFERROR(__xludf.DUMMYFUNCTION("""COMPUTED_VALUE"""),2021.0) -> 2021 | B49: =IFERROR(__xludf.DUMMYFUNCTION("""COMPUTED_VALUE"""),10.0) -> 10 | C49: =IFERROR(__xludf.DUMMYFUNCTION("""COMPUTED_VALUE"""),1.0) -> 1 | D49: =IFERROR(__xludf.DUMMYFUNCTION("""COMPUTED_VALUE"""),1003718.0) -> 1003718 | E49: =IFERROR(__xludf.DUMMYFUNCTION("""COMPUTED_VALUE"""),12.0) -> 12 | F49: =IFERROR(__xludf.DUMMYFUNCTION("""COMPUTED_VALUE"""),0.0) -> 0 | G49: =IFERROR(__xludf.DUMMYFUNCTION("""COMPUTED_VALUE"""),0.0) -> 0 | H49: =IFERROR(__xludf.DUMMYFUNCTION("""COMPUTED_VALUE"""),"Damage") -> Damage
A50: =IFERROR(__xludf.DUMMYFUNCTION("""COMPUTED_VALUE"""),2021.0) -> 2021 | B50: =IFERROR(__xludf.DUMMYFUNCTION("""COMPUTED_VALUE"""),10.0) -> 10 | C50: =IFERROR(__xludf.DUMMYFUNCTION("""COMPUTED_VALUE"""),1.0) -> 1 | D50: =IFERROR(__xludf.DUMMYFUNCTION("""COMPUTED_VALUE"""),1003685.0) -> 1003685 | E50: =IFERROR(__xludf.DUMMYFUNCTION("""COMPUTED_VALUE"""),12.0) -> 12 | F50: =IFERROR(__xludf.DUMMYFUNCTION("""COMPUTED_VALUE"""),0.0) -> 0 | G50: =IFERROR(__xludf.DUMMYFUNCTION("""COMPUTED_VALUE"""),0.0) -> 0 | H50: =IFERROR(__xludf.DUMMYFUNCTION("""COMPUTED_VALUE"""),"Wrong product") -> Wrong product
A51: =IFERROR(__xludf.DUMMYFUNCTION("""COMPUTED_VALUE"""),2021.0) -> 2021 | B51: =IFERROR(__xludf.DUMMYFUNCTION("""COMPUTED_VALUE"""),10.0) -> 10 | C51: =IFERROR(__xludf.DUMMYFUNCTION("""COMPUTED_VALUE"""),1.0) -> 1 | D51: =IFERROR(__xludf.DUMMYFUNCTION("""COMPUTED_VALUE"""),1003753.0) -> 1003753 | E51: =IFERROR(__xludf.DUMMYFUNCTION("""COMPUTED_VALUE"""),6.0) -> 6 | F51: =IFERROR(__xludf.DUMMYFUNCTION("""COMPUTED_VALUE"""),8.09) -> 8.09 | G51: =IFERROR(__xludf.DUMMYFUNCTION("""COMPUTED_VALUE"""),0.0) -> 0 | H51: =IFERROR(__xludf.DUMMYFUNCTION("""COMPUTED_VALUE"""),"Return") -> Return
A52: =IFERROR(__xludf.DUMMYFUNCTION("""COMPUTED_VALUE"""),2021.0) -> 2021 | B52: =IFERROR(__xludf.DUMMYFUNCTION("""COMPUTED_VALUE"""),10.0) -> 10 | C52: =IFERROR(__xludf.DUMMYFUNCTION("""COMPUTED_VALUE"""),1.0) -> 1 | D52: =IFERROR(__xludf.DUMMYFUNCTION("""COMPUTED_VALUE"""),1003684.0) -> 1003684 | E52: =IFERROR(__xludf.DUMMYFUNCTION("""COMPUTED_VALUE"""),11.0) -> 11 | F52: =IFERROR(__xludf.DUMMYFUNCTION("""COMPUTED_VALUE"""),0.0) -> 0 | G52: =IFERROR(__xludf.DUMMYFUNCTION("""COMPUTED_VALUE"""),0.0) -> 0 | H52: =IFERROR(__xludf.DUMMYFUNCTION("""COMPUTED_VALUE"""),"Damage") -> Damage
A53: =IFERROR(__xludf.DUMMYFUNCTION("""COMPUTED_VALUE"""),2021.0) -> 2021 | B53: =IFERROR(__xludf.DUMMYFUNCTION("""COMPUTED_VALUE"""),10.0) -> 10 | C53: =IFERROR(__xludf.DUMMYFUNCTION("""COMPUTED_VALUE"""),1.0) -> 1 | D53: =IFERROR(__xludf.DUMMYFUNCTION("""COMPUTED_VALUE"""),1003627.0) -> 1003627 | E53: =IFERROR(__xludf.DUMMYFUNCTION("""COMPUTED_VALUE"""),1.0) -> 1 | F53: =IFERROR(__xludf.DUMMYFUNCTION("""COMPUTED_VALUE"""),3.25) -> 3.25 | G53: =IFERROR(__xludf.DUMMYFUNCTION("""COMPUTED_VALUE"""),0.0) -> 0 | H53: =IFERROR(__xludf.DUMMYFUNCTION("""COMPUTED_VALUE"""),"Wrong product") -> Wrong product
A54: =IFERROR(__xludf.DUMMYFUNCTION("""COMPUTED_VALUE"""),2021.0) -> 2021 | B54: =IFERROR(__xludf.DUMMYFUNCTION("""COMPUTED_VALUE"""),10.0) -> 10 | C54: =IFERROR(__xludf.DUMMYFUNCTION("""COMPUTED_VALUE"""),2.0) -> 2 | D54: =IFERROR(__xludf.DUMMYFUNCTION("""COMPUTED_VALUE"""),1003375.0) -> 1003375 | E54: =IFERROR(__xludf.DUMMYFUNCTION("""COMPUTED_VALUE"""),13.0) -> 13 | F54: =IFERROR(__xludf.DUMMYFUNCTION("""COMPUTED_VALUE"""),0.0) -> 0 | G54: =IFERROR(__xludf.DUMMYFUNCTION("""COMPUTED_VALUE"""),10.0) -> 10 | H54: =IFERROR(__xludf.DUMMYFUNCTION("""COMPUTED_VALUE"""),"Return") -> Return
A55: =IFERROR(__xludf.DUMMYFUNCTION("""COMPUTED_VALUE"""),2021.0) -> 2021 | B55: =IFERROR(__xludf.DUMMYFUNCTION("""COMPUTED_VALUE"""),10.0) -> 10 | C55: =IFERROR(__xludf.DUMMYFUNCTION("""COMPUTED_VALUE"""),2.0) -> 2 | D55: =IFERROR(__xludf.DUMMYFUNCTION("""COMPUTED_VALUE"""),1003764.0) -> 1003764 | E55: =IFERROR(__xludf.DUMMYFUNCTION("""COMPUTED_VALUE"""),10.0) -> 10 | F55: =IFERROR(__xludf.DUMMYFUNCTION("""COMPUTED_VALUE"""),0.0) -> 0 | G55: =IFERROR(__xludf.DUMMYFUNCTION("""COMPUTED_VALUE"""),6.0) -> 6 | H55: =IFERROR(__xludf.DUMMYFUNCTION("""COMPUTED_VALUE"""),"Return") -> Return
A56: =IFERROR(__xludf.DUMMYFUNCTION("""COMPUTED_VALUE"""),2021.0) -> 2021 | B56: =IFERROR(__xludf.DUMMYFUNCTION("""COMPUTED_VALUE"""),10.0) -> 10 | C56: =IFERROR(__xludf.DUMMYFUNCTION("""COMPUTED_VALUE"""),2.0) -> 2 | D56: =IFERROR(__xludf.DUMMYFUNCTION("""COMPUTED_VALUE"""),1003689.0) -> 1003689 | E56: =IFERROR(__xludf.DUMMYFUNCTION("""COMPUTED_VALUE"""),3.0) -> 3 | F56: =IFERROR(__xludf.DUMMYFUNCTION("""COMPUTED_VALUE"""),0.0) -> 0 | G56: =IFERROR(__xludf.DUMMYFUNCTION("""COMPUTED_VALUE"""),0.0) -> 0 | H56: =IFERROR(__xludf.DUMMYFUNCTION("""COMPUTED_VALUE"""),"Return") -> Return
A57: =IFERROR(__xludf.DUMMYFUNCTION("""COMPUTED_VALUE"""),2021.0) -> 2021 | B57: =IFERROR(__xludf.DUMMYFUNCTION("""COMPUTED_VALUE"""),10.0) -> 10 | C57: =IFERROR(__xludf.DUMMYFUNCTION("""COMPUTED_VALUE"""),2.0) -> 2 | D57: =IFERROR(__xludf.DUMMYFUNCTION("""COMPUTED_VALUE"""),1003518.0) -> 1003518 | E57: =IFERROR(__xludf.DUMMYFUNCTION("""COMPUTED_VALUE"""),7.0) -> 7 | F57: =IFERROR(__xludf.DUMMYFUNCTION("""COMPUTED_VALUE"""),0.0) -> 0 | G57: =IFERROR(__xludf.DUMMYFUNCTION("""COMPUTED_VALUE"""),0.0) -> 0 | H57: =IFERROR(__xludf.DUMMYFUNCTION("""COMPUTED_VALUE"""),"Wrong product") -> Wrong product
A58: =IFERROR(__xludf.DUMMYFUNCTION("""COMPUTED_VALUE"""),2021.0) -> 2021 | B58: =IFERROR(__xludf.DUMMYFUNCTION("""COMPUTED_VALUE"""),10.0) -> 10 | C58: =IFERROR(__xludf.DUMMYFUNCTION("""COMPUTED_VALUE"""),2.0) -> 2 | D58: =IFERROR(__xludf.DUMMYFUNCTION("""COMPUTED_VALUE"""),1003944.0) -> 1003944 | E58: =IFERROR(__xludf.DUMMYFUNCTION("""COMPUTED_VALUE"""),4.0) -> 4 | F58: =IFERROR(__xludf.DUMMYFUNCTION("""COMPUTED_VALUE"""),0.0) -> 0 | G58: =IFERROR(__xludf.DUMMYFUNCTION("""COMPUTED_VALUE"""),0.0) -> 0 | H58: =IFERROR(__xludf.DUMMYFUNCTION("""COMPUTED_VALUE"""),"Damage") -> Damage
A59: =IFERROR(__xludf.DUMMYFUNCTION("""COMPUTED_VALUE"""),2021.0) -> 2021 | B59: =IFERROR(__xludf.DUMMYFUNCTION("""COMPUTED_VALUE"""),10.0) -> 10 | C59: =IFERROR(__xludf.DUMMYFUNCTION("""COMPUTED_VALUE"""),2.0) -> 2 | D59: =IFERROR(__xludf.DUMMYFUNCTION("""COMPUTED_VALUE"""),1003826.0) -> 1003826 | E59: =IFERROR(__xludf.DUMMYFUNCTION("""COMPUTED_VALUE"""),2.0) -> 2 | F59: =IFERROR(__xludf.DUMMYFUNCTION("""COMPUTED_VALUE"""),0.0) -> 0 | G59: =IFERROR(__xludf.DUMMYFUNCTION("""COMPUTED_VALUE"""),0.0) -> 0 | H59: =IFERROR(__xludf.DUMMYFUNCTION("""COMPUTED_VALUE"""),"Return") -> Return
A60: =IFERROR(__xludf.DUMMYFUNCTION("""COMPUTED_VALUE"""),2021.0) -> 2021 | B60: =IFERROR(__xludf.DUMMYFUNCTION("""COMPUTED_VALUE"""),10.0) -> 10 | C60: =IFERROR(__xludf.DUMMYFUNCTION("""COMPUTED_VALUE"""),2.0) -> 2 | D60: =IFERROR(__xludf.DUMMYFUNCTION("""COMPUTED_VALUE"""),1003660.0) -> 1003660 | E60: =IFERROR(__xludf.DUMMYFUNCTION("""COMPUTED_VALUE"""),6.0) -> 6 | F60: =IFERROR(__xludf.DUMMYFUNCTION("""COMPUTED_VALUE"""),0.0) -> 0 | G60: =IFERROR(__xludf.DUMMYFUNCTION("""COMPUTED_VALUE"""),0.0) -> 0 | H60: =IFERROR(__xludf.DUMMYFUNCTION("""COMPUTED_VALUE"""),"Wrong product") -> Wrong product
A61: =IFERROR(__xludf.DUMMYFUNCTION("""COMPUTED_VALUE"""),2021.0) -> 2021 | B61: =IFERROR(__xludf.DUMMYFUNCTION("""COMPUTED_VALUE"""),10.0) -> 10 | C61: =IFERROR(__xludf.DUMMYFUNCTION("""COMPUTED_VALUE"""),2.0) -> 2 | D61: =IFERROR(__xludf.DUMMYFUNCTION("""COMPUTED_VALUE"""),1003818.0) -> 1003818 | E61: =IFERROR(__xludf.DUMMYFUNCTION("""COMPUTED_VALUE"""),1.0) -> 1 | F61: =IFERROR(__xludf.DUMMYFUNCTION("""COMPUTED_VALUE"""),0.0) -> 0 | G61: =IFERROR(__xludf.DUMMYFUNCTION("""COMPUTED_VALUE"""),0.0) -> 0 | H61: =IFERROR(__xludf.DUMMYFUNCTION("""COMPUTED_VALUE"""),"Damage") -> Damage
A62: =IFERROR(__xludf.DUMMYFUNCTION("""COMPUTED_VALUE"""),2021.0) -> 2021 | B62: =IFERROR(__xludf.DUMMYFUNCTION("""COMPUTED_VALUE"""),10.0) -> 10 | C62: =IFERROR(__xludf.DUMMYFUNCTION("""COMPUTED_VALUE"""),2.0) -> 2 | D62: =IFERROR(__xludf.DUMMYFUNCTION("""COMPUTED_VALUE"""),1003925.0) -> 1003925 | E62: =IFERROR(__xludf.DUMMYFUNCTION("""COMPUTED_VALUE"""),3.0) -> 3 | F62: =IFERROR(__xludf.DUMMYFUNCTION("""COMPUTED_VALUE"""),0.0) -> 0 | G62: =IFERROR(__xludf.DUMMYFUNCTION("""COMPUTED_VALUE"""),0.0) -> 0 | H62: =IFERROR(__xludf.DUMMYFUNCTION("""COMPUTED_VALUE"""),"Damage") -> Damage
A63: =IFERROR(__xludf.DUMMYFUNCTION("""COMPUTED_VALUE"""),2021.0) -> 2021 | B63: =IFERROR(__xludf.DUMMYFUNCTION("""COMPUTED_VALUE"""),10.0) -> 10 | C63: =IFERROR(__xludf.DUMMYFUNCTION("""COMPUTED_VALUE"""),2.0) -> 2 | D63: =IFERROR(__xludf.DUMMYFUNCTION("""COMPUTED_VALUE"""),1003861.0) -> 1003861 | E63: =IFERROR(__xludf.DUMMYFUNCTION("""COMPUTED_VALUE"""),3.0) -> 3 | F63: =IFERROR(__xludf.DUMMYFUNCTION("""COMPUTED_VALUE"""),0.0) -> 0 | G63: =IFERROR(__xludf.DUMMYFUNCTION("""COMPUTED_VALUE"""),5.0) -> 5 | H63: =IFERROR(__xludf.DUMMYFUNCTION("""COMPUTED_VALUE"""),"Return") -> Return
A64: =IFERROR(__xludf.DUMMYFUNCTION("""COMPUTED_VALUE"""),2021.0) -> 2021 | B64: =IFERROR(__xludf.DUMMYFUNCTION("""COMPUTED_VALUE"""),10.0) -> 10 | C64: =IFERROR(__xludf.DUMMYFUNCTION("""COMPUTED_VALUE"""),2.0) -> 2 | D64: =IFERROR(__xludf.DUMMYFUNCTION("""COMPUTED_VALUE"""),1003288.0) -> 1003288 | E64: =IFERROR(__xludf.DUMMYFUNCTION("""COMPUTED_VALUE"""),3.0) -> 3 | F64: =IFERROR(__xludf.DUMMYFUNCTION("""COMPUTED_VALUE"""),0.0) -> 0 | G64: =IFERROR(__xludf.DUMMYFUNCTION("""COMPUTED_VALUE"""),0.0) -> 0 | H64: =IFERROR(__xludf.DUMMYFUNCTION("""COMPUTED_VALUE"""),"Wrong product") -> Wrong product
A65: =IFERROR(__xludf.DUMMYFUNCTION("""COMPUTED_VALUE"""),2021.0) -> 2021 | B65: =IFERROR(__xludf.DUMMYFUNCTION("""COMPUTED_VALUE"""),10.0) -> 10 | C65: =IFERROR(__xludf.DUMMYFUNCTION("""COMPUTED_VALUE"""),2.0) -> 2 | D65: =IFERROR(__xludf.DUMMYFUNCTION("""COMPUTED_VALUE"""),1003948.0) -> 1003948 | E65: =IFERROR(__xludf.DUMMYFUNCTION("""COMPUTED_VALUE"""),8.0) -> 8 | F65: =IFERROR(__xludf.DUMMYFUNCTION("""COMPUTED_VALUE"""),0.0) -> 0 | G65: =IFERROR(__xludf.DUMMYFUNCTION("""COMPUTED_VALUE"""),0.0) -> 0 | H65: =IFERROR(__xludf.DUMMYFUNCTION("""COMPUTED_VALUE"""),"Return") -> Return
A66: =IFERROR(__xludf.DUMMYFUNCTION("""COMPUTED_VALUE"""),2021.0) -> 2021 | B66: =IFERROR(__xludf.DUMMYFUNCTION("""COMPUTED_VALUE"""),10.0) -> 10 | C66: =IFERROR(__xludf.DUMMYFUNCTION("""COMPUTED_VALUE"""),2.0) -> 2 | D66: =IFERROR(__xludf.DUMMYFUNCTION("""COMPUTED_VALUE"""),1003443.0) -> 1003443 | E66: =IFERROR(__xludf.DUMMYFUNCTION("""COMPUTED_VALUE"""),1.0) -> 1 | F66: =IFERROR(__xludf.DUMMYFUNCTION("""COMPUTED_VALUE"""),0.0) -> 0 | G66: =IFERROR(__xludf.DUMMYFUNCTION("""COMPUTED_VALUE"""),8.0) -> 8 | H66: =IFERROR(__xludf.DUMMYFUNCTION("""COMPUTED_VALUE"""),"Return") -> Return
A67: =IFERROR(__xludf.DUMMYFUNCTION("""COMPUTED_VALUE"""),2021.0) -> 2021 | B67: =IFERROR(__xludf.DUMMYFUNCTION("""COMPUTED_VALUE"""),10.0) -> 10 | C67: =IFERROR(__xludf.DUMMYFUNCTION("""COMPUTED_VALUE"""),2.0) -> 2 | D67: =IFERROR(__xludf.DUMMYFUNCTION("""COMPUTED_VALUE"""),1003654.0) -> 1003654 | E67: =IFERROR(__xludf.DUMMYFUNCTION("""COMPUTED_VALUE"""),7.0) -> 7 | F67: =IFERROR(__xludf.DUMMYFUNCTION("""COMPUTED_VALUE"""),0.0) -> 0 | G67: =IFERROR(__xludf.DUMMYFUNCTION("""COMPUTED_VALUE"""),0.0) -> 0 | H67: =IFERROR(__xludf.DUMMYFUNCTION("""COMPUTED_VALUE"""),"Damage") -> Damage
A68: =IFERROR(__xludf.DUMMYFUNCTION("""COMPUTED_VALUE"""),2021.0) -> 2021 | B68: =IFERROR(__xludf.DUMMYFUNCTION("""COMPUTED_VALUE"""),10.0) -> 10 | C68: =IFERROR(__xludf.DUMMYFUNCTION("""COMPUTED_VALUE"""),2.0) -> 2 | D68: =IFERROR(__xludf.DUMMYFUNCTION("""COMPUTED_VALUE"""),1003702.0) -> 1003702 | E68: =IFERROR(__xludf.DUMMYFUNCTION("""COMPUTED_VALUE"""),4.0) -> 4 | F68: =IFERROR(__xludf.DUMMYFUNCTION("""COMPUTED_VALUE"""),0.0) -> 0 | G68: =IFERROR(__xludf.DUMMYFUNCTION("""COMPUTED_VALUE"""),0.0) -> 0 | H68: =IFERROR(__xludf.DUMMYFUNCTION("""COMPUTED_VALUE"""),"Return") -> Return
A69: =IFERROR(__xludf.DUMMYFUNCTION("""COMPUTED_VALUE"""),2021.0) -> 2021 | B69: =IFERROR(__xludf.DUMMYFUNCTION("""COMPUTED_VALUE"""),10.0) -> 10 | C69: =IFERROR(__xludf.DUMMYFUNCTION("""COMPUTED_VALUE"""),2.0) -> 2 | D69: =IFERROR(__xludf.DUMMYFUNCTION("""COMPUTED_VALUE"""),1003287.0) -> 1003287 | E69: =IFERROR(__xludf.DUMMYFUNCTION("""COMPUTED_VALUE"""),3.0) -> 3 | F69: =IFERROR(__xludf.DUMMYFUNCTION("""COMPUTED_VALUE"""),0.0) -> 0 | G69: =IFERROR(__xludf.DUMMYFUNCTION("""COMPUTED_VALUE"""),6.0) -> 6 | H69: =IFERROR(__xludf.DUMMYFUNCTION("""COMPUTED_VALUE"""),"Wrong product") -> Wrong product
A70: =IFERROR(__xludf.DUMMYFUNCTION("""COMPUTED_VALUE"""),2021.0) -> 2021 | B70: =IFERROR(__xludf.DUMMYFUNCTION("""COMPUTED_VALUE"""),10.0) -> 10 | C70: =IFERROR(__xludf.DUMMYFUNCTION("""COMPUTED_VALUE"""),2.0) -> 2 | D70: =IFERROR(__xludf.DUMMYFUNCTION("""COMPUTED_VALUE"""),1003384.0) -> 1003384 | E70: =IFERROR(__xludf.DUMMYFUNCTION("""COMPUTED_VALUE"""),1.0) -> 1 | F70: =IFERROR(__xludf.DUMMYFUNCTION("""COMPUTED_VALUE"""),0.0) -> 0 | G70: =IFERROR(__xludf.DUMMYFUNCTION("""COMPUTED_VALUE"""),0.0) -> 0 | H70: =IFERROR(__xludf.DUMMYFUNCTION("""COMPUTED_VALUE"""),"Wrong product") -> Wrong product
A71: =IFERROR(__xludf.DUMMYFUNCTION("""COMPUTED_VALUE"""),2021.0) -> 2021 | B71: =IFERROR(__xludf.DUMMYFUNCTION("""COMPUTED_VALUE"""),10.0) -> 10 | C71: =IFERROR(__xludf.DUMMYFUNCTION("""COMPUTED_VALUE"""),2.0) -> 2 | D71: =IFERROR(__xludf.DUMMYFUNCTION("""COMPUTED_VALUE"""),1003603.0) -> 1003603 | E71: =IFERROR(__xludf.DUMMYFUNCTION("""COMPUTED_VALUE"""),3.0) -> 3 | F71: =IFERROR(__xludf.DUMMYFUNCTION("""COMPUTED_VALUE"""),0.0) -> 0 | G71: =IFERROR(__xludf.DUMMYFUNCTION("""COMPUTED_VALUE"""),0.0) -> 0 | H71: =IFERROR(__xludf.DUMMYFUNCTION("""COMPUTED_VALUE"""),"Wrong product") -> Wrong product
A72: =IFERROR(__xludf.DUMMYFUNCTION("""COMPUTED_VALUE"""),2021.0) -> 2021 | B72: =IFERROR(__xludf.DUMMYFUNCTION("""COMPUTED_VALUE"""),10.0) -> 10 | C72: =IFERROR(__xludf.DUMMYFUNCTION("""COMPUTED_VALUE"""),2.0) -> 2 | D72: =IFERROR(__xludf.DUMMYFUNCTION("""COMPUTED_VALUE"""),1003296.0) -> 1003296 | E72: =IFERROR(__xludf.DUMMYFUNCTION("""COMPUTED_VALUE"""),1.0) -> 1 | F72: =IFERROR(__xludf.DUMMYFUNCTION("""COMPUTED_VALUE"""),0.0) -> 0 | G72: =IFERROR(__xludf.DUMMYFUNCTION("""COMPUTED_VALUE"""),0.0) -> 0 | H72: =IFERROR(__xludf.DUMMYFUNCTION("""COMPUTED_VALUE"""),"Damage") -> Damage
A73: =IFERROR(__xludf.DUMMYFUNCTION("""COMPUTED_VALUE"""),2021.0) -> 2021 | B73: =IFERROR(__xludf.DUMMYFUNCTION("""COMPUTED_VALUE"""),10.0) -> 10 | C73: =IFERROR(__xludf.DUMMYFUNCTION("""COMPUTED_VALUE"""),2.0) -> 2 | D73: =IFERROR(__xludf.DUMMYFUNCTION("""COMPUTED_VALUE"""),1003360.0) -> 1003360 | E73: =IFERROR(__xludf.DUMMYFUNCTION("""COMPUTED_VALUE"""),2.0) -> 2 | F73: =IFERROR(__xludf.DUMMYFUNCTION("""COMPUTED_VALUE"""),0.0) -> 0 | G73: =IFERROR(__xludf.DUMMYFUNCTION("""COMPUTED_VALUE"""),5.0) -> 5 | H73: =IFERROR(__xludf.DUMMYFUNCTION("""COMPUTED_VALUE"""),"Damage") -> Damage
A74: =IFERROR(__xludf.DUMMYFUNCTION("""COMPUTED_VALUE"""),2021.0) -> 2021 | B74: =IFERROR(__xludf.DUMMYFUNCTION("""COMPUTED_VALUE"""),10.0) -> 10 | C74: =IFERROR(__xludf.DUMMYFUNCTION("""COMPUTED_VALUE"""),2.0) -> 2 | D74: =IFERROR(__xludf.DUMMYFUNCTION("""COMPUTED_VALUE"""),1003433.0) -> 1003433 | E74: =IFERROR(__xludf.DUMMYFUNCTION("""COMPUTED_VALUE"""),3.0) -> 3 | F74: =IFERROR(__xludf.DUMMYFUNCTION("""COMPUTED_VALUE"""),0.0) -> 0 | G74: =IFERROR(__xludf.DUMMYFUNCTION("""COMPUTED_VALUE"""),0.0) -> 0 | H74: =IFERROR(__xludf.DUMMYFUNCTION("""COMPUTED_VALUE"""),"Damage") -> Damage
A75: =IFERROR(__xludf.DUMMYFUNCTION("""COMPUTED_VALUE"""),2021.0) -> 2021 | B75: =IFERROR(__xludf.DUMMYFUNCTION("""COMPUTED_VALUE"""),10.0) -> 10 | C75: =IFERROR(__xludf.DUMMYFUNCTION("""COMPUTED_VALUE"""),2.0) -> 2 | D75: =IFERROR(__xludf.DUMMYFUNCTION("""COMPUTED_VALUE"""),1003463.0) -> 1003463 | E75: =IFERROR(__xludf.DUMMYFUNCTION("""COMPUTED_VALUE"""),0.2739746448184035) -> 0.27397464 | F75: =IFERROR(__xludf.DUMMYFUNCTION("""COMPUTED_VALUE"""),0.0) -> 0 | G75: =IFERROR(__xludf.DUMMYFUNCTION("""COMPUTED_VALUE"""),0.0) -> 0 | H75: =IFERROR(__xludf.DUMMYFUNCTION("""COMPUTED_VALUE"""),"Return") -> Return
A76: =IFERROR(__xludf.DUMMYFUNCTION("""COMPUTED_VALUE"""),2021.0) -> 2021 | B76: =IFERROR(__xludf.DUMMYFUNCTION("""COMPUTED_VALUE"""),10.0) -> 10 | C76: =IFERROR(__xludf.DUMMYFUNCTION("""COMPUTED_VALUE"""),2.0) -> 2 | D76: =IFERROR(__xludf.DUMMYFUNCTION("""COMPUTED_VALUE"""),1003565.0) -> 1003565 | E76: =IFERROR(__xludf.DUMMYFUNCTION("""COMPUTED_VALUE"""),1.0) -> 1 | F76: =IFERROR(__xludf.DUMMYFUNCTION("""COMPUTED_VALUE"""),0.0) -> 0 | G76: =IFERROR(__xludf.DUMMYFUNCTION("""COMPUTED_VALUE"""),0.0) -> 0 | H76: =IFERROR(__xludf.DUMMYFUNCTION("""COMPUTED_VALUE"""),"Return") -> Return
A77: =IFERROR(__xludf.DUMMYFUNCTION("""COMPUTED_VALUE"""),2021.0) -> 2021 | B77: =IFERROR(__xludf.DUMMYFUNCTION("""COMPUTED_VALUE"""),10.0) -> 10 | C77: =IFERROR(__xludf.DUMMYFUNCTION("""COMPUTED_VALUE"""),2.0) -> 2 | D77: =IFERROR(__xludf.DUMMYFUNCTION("""COMPUTED_VALUE"""),1003404.0) -> 1003404 | E77: =IFERROR(__xludf.DUMMYFUNCTION("""COMPUTED_VALUE"""),1.0) -> 1 | F77: =IFERROR(__xludf.DUMMYFUNCTION("""COMPUTED_VALUE"""),0.0) -> 0 | G77: =IFERROR(__xludf.DUMMYFUNCTION("""COMPUTED_VALUE"""),6.0) -> 6 | H77: =IFERROR(__xludf.DUMMYFUNCTION("""COMPUTED_VALUE"""),"Return") -> Return
A78: =IFERROR(__xludf.DUMMYFUNCTION("""COMPUTED_VALUE"""),2021.0) -> 2021 | B78: =IFERROR(__xludf.DUMMYFUNCTION("""COMPUTED_VALUE"""),10.0) -> 10 | C78: =IFERROR(__xludf.DUMMYFUNCTION("""COMPUTED_VALUE"""),2.0) -> 2 | D78: =IFERROR(__xludf.DUMMYFUNCTION("""COMPUTED_VALUE"""),1003895.0) -> 1003895 | E78: =IFERROR(__xludf.DUMMYFUNCTION("""COMPUTED_VALUE"""),1.0) -> 1 | F78: =IFERROR(__xludf.DUMMYFUNCTION("""COMPUTED_VALUE"""),5.57) -> 5.57 | G78: =IFERROR(__xludf.DUMMYFUNCTION("""COMPUTED_VALUE"""),0.0) -> 0 | H78: =IFERROR(__xludf.DUMMYFUNCTION("""COMPUTED_VALUE"""),"Return") -> Return
A79: =IFERROR(__xludf.DUMMYFUNCTION("""COMPUTED_VALUE"""),2021.0) -> 2021 | B79: =IFERROR(__xludf.DUMMYFUNCTION("""COMPUTED_VALUE"""),10.0) -> 10 | C79: =IFERROR(__xludf.DUMMYFUNCTION("""COMPUTED_VALUE"""),3.0) -> 3 | D79: =IFERROR(__xludf.DUMMYFUNCTION("""COMPUTED_VALUE"""),1003613.0) -> 1003613 | E79: =IFERROR(__xludf.DUMMYFUNCTION("""COMPUTED_VALUE"""),1.0) -> 1 | F79: =IFERROR(__xludf.DUMMYFUNCTION("""COMPUTED_VALUE"""),0.95) -> 0.95 | G79: =IFERROR(__xludf.DUMMYFUNCTION("""COMPUTED_VALUE"""),0.0) -> 0 | H79: =IFERROR(__xludf.DUMMYFUNCTION("""COMPUTED_VALUE"""),"Wrong product") -> Wrong product
A80: =IFERROR(__xludf.DUMMYFUNCTION("""COMPUTED_VALUE"""),2021.0) -> 2021 | B80: =IFERROR(__xludf.DUMMYFUNCTION("""COMPUTED_VALUE"""),10.0) -> 10 | C80: =IFERROR(__xludf.DUMMYFUNCTION("""COMPUTED_VALUE"""),4.0) -> 4 | D80: =IFERROR(__xludf.DUMMYFUNCTION("""COMPUTED_VALUE"""),1003347.0) -> 1003347 | E80: =IFERROR(__xludf.DUMMYFUNCTION("""COMPUTED_VALUE"""),12.0) -> 12 | F80: =IFERROR(__xludf.DUMMYFUNCTION("""COMPUTED_VALUE"""),0.0) -> 0 | G80: =IFERROR(__xludf.DUMMYFUNCTION("""COMPUTED_VALUE"""),5.0) -> 5 | H80: =IFERROR(__xludf.DUMMYFUNCTION("""COMPUTED_VALUE"""),"Return") -> Return
A81: =IFERROR(__xludf.DUMMYFUNCTION("""COMPUTED_VALUE"""),2021.0) -> 2021 | B81: =IFERROR(__xludf.DUMMYFUNCTION("""COMPUTED_VALUE"""),10.0) -> 10 | C81: =IFERROR(__xludf.DUMMYFUNCTION("""COMPUTED_VALUE"""),4.0) -> 4 | D81: =IFERROR(__xludf.DUMMYFUNCTION("""COMPUTED_VALUE"""),1003458.0) -> 1003458 | E81: =IFERROR(__xludf.DUMMYFUNCTION("""COMPUTED_VALUE"""),1.0) -> 1 | F81: =IFERROR(__xludf.DUMMYFUNCTION("""COMPUTED_VALUE"""),0.0) -> 0 | G81: =IFERROR(__xludf.DUMMYFUNCTION("""COMPUTED_VALUE"""),10.0) -> 10 | H81: =IFERROR(__xludf.DUMMYFUNCTION("""COMPUTED_VALUE"""),"Return") -> Return
A82: =IFERROR(__xludf.DUMMYFUNCTION("""COMPUTED_VALUE"""),2021.0) -> 2021 | B82: =IFERROR(__xludf.DUMMYFUNCTION("""COMPUTED_VALUE"""),10.0) -> 10 | C82: =IFERROR(__xludf.DUMMYFUNCTION("""COMPUTED_VALUE"""),4.0) -> 4 | D82: =IFERROR(__xludf.DUMMYFUNCTION("""COMPUTED_VALUE"""),1003290.0) -> 1003290 | E82: =IFERROR(__xludf.DUMMYFUNCTION("""COMPUTED_VALUE"""),3.0) -> 3 | F82: =IFERROR(__xludf.DUMMYFUNCTION("""COMPUTED_VALUE"""),0.0) -> 0 | G82: =IFERROR(__xludf.DUMMYFUNCTION("""COMPUTED_VALUE"""),0.0) -> 0 | H82: =IFERROR(__xludf.DUMMYFUNCTION("""COMPUTED_VALUE"""),"Damage") -> Damage
A83: =IFERROR(__xludf.DUMMYFUNCTION("""COMPUTED_VALUE"""),2021.0) -> 2021 | B83: =IFERROR(__xludf.DUMMYFUNCTION("""COMPUTED_VALUE"""),10.0) -> 10 | C83: =IFERROR(__xludf.DUMMYFUNCTION("""COMPUTED_VALUE"""),4.0) -> 4 | D83: =IFERROR(__xludf.DUMMYFUNCTION("""COMPUTED_VALUE"""),1003570.0) -> 1003570 | E83: =IFERROR(__xludf.DUMMYFUNCTION("""COMPUTED_VALUE"""),3.0) -> 3 | F83: =IFERROR(__xludf.DUMMYFUNCTION("""COMPUTED_VALUE"""),0.95) -> 0.95 | G83: =IFERROR(__xludf.DUMMYFUNCTION("""COMPUTED_VALUE"""),0.0) -> 0 | H83: =IFERROR(__xludf.DUMMYFUNCTION("""COMPUTED_VALUE"""),"Damage") -> Damage
A84: =IFERROR(__xludf.DUMMYFUNCTION("""COMPUTED_VALUE"""),2021.0) -> 2021 | B84: =IFERROR(__xludf.DUMMYFUNCTION("""COMPUTED_VALUE"""),10.0) -> 10 | C84: =IFERROR(__xludf.DUMMYFUNCTION("""COMPUTED_VALUE"""),4.0) -> 4 | D84: =IFERROR(__xludf.DUMMYFUNCTION("""COMPUTED_VALUE"""),1003418.0) -> 1003418 | E84: =IFERROR(__xludf.DUMMYFUNCTION("""COMPUTED_VALUE"""),2.0) -> 2 | F84: =IFERROR(__xludf.DUMMYFUNCTION("""COMPUTED_VALUE"""),0.0) -> 0 | G84: =IFERROR(__xludf.DUMMYFUNCTION("""COMPUTED_VALUE"""),0.0) -> 0 | H84: =IFERROR(__xludf.DUMMYFUNCTION("""COMPUTED_VALUE"""),"Damage") -> Damage
A85: =IFERROR(__xludf.DUMMYFUNCTION("""COMPUTED_VALUE"""),2021.0) -> 2021 | B85: =IFERROR(__xludf.DUMMYFUNCTION("""COMPUTED_VALUE"""),10.0) -> 10 | C85: =IFERROR(__xludf.DUMMYFUNCTION("""COMPUTED_VALUE"""),4.0) -> 4 | D85: =IFERROR(__xludf.DUMMYFUNCTION("""COMPUTED_VALUE"""),1003846.0) -> 1003846 | E85: =IFERROR(__xludf.DUMMYFUNCTION("""COMPUTED_VALUE"""),2.0) -> 2 | F85: =IFERROR(__xludf.DUMMYFUNCTION("""COMPUTED_VALUE"""),0.0) -> 0 | G85: =IFERROR(__xludf.DUMMYFUNCTION("""COMPUTED_VALUE"""),0.0) -> 0 | H85: =IFERROR(__xludf.DUMMYFUNCTION("""COMPUTED_VALUE"""),"Wrong product") -> Wrong product
A86: =IFERROR(__xludf.DUMMYFUNCTION("""COMPUTED_VALUE"""),2021.0) -> 2021 | B86: =IFERROR(__xludf.DUMMYFUNCTION("""COMPUTED_VALUE"""),10.0) -> 10 | C86: =IFERROR(__xludf.DUMMYFUNCTION("""COMPUTED_VALUE"""),4.0) -> 4 | D86: =IFERROR(__xludf.DUMMYFUNCTION("""COMPUTED_VALUE"""),1003932.0) -> 1003932 | E86: =IFERROR(__xludf.DUMMYFUNCTION("""COMPUTED_VALUE"""),1.0) -> 1 | F86: =IFERROR(__xludf.DUMMYFUNCTION("""COMPUTED_VALUE"""),0.0) -> 0 | G86: =IFERROR(__xludf.DUMMYFUNCTION("""COMPUTED_VALUE"""),0.0) -> 0 | H86: =IFERROR(__xludf.DUMMYFUNCTION("""COMPUTED_VALUE"""),"Wrong product") -> Wrong product
A87: =IFERROR(__xludf.DUMMYFUNCTION("""COMPUTED_VALUE"""),2021.0) -> 2021 | B87: =IFERROR(__xludf.DUMMYFUNCTION("""COMPUTED_VALUE"""),10.0) -> 10 | C87: =IFERROR(__xludf.DUMMYFUNCTION("""COMPUTED_VALUE"""),4.0) -> 4 | D87: =IFERROR(__xludf.DUMMYFUNCTION("""COMPUTED_VALUE"""),1003784.0) -> 1003784 | E87: =IFERROR(__xludf.DUMMYFUNCTION("""COMPUTED_VALUE"""),2.0) -> 2 | F87: =IFERROR(__xludf.DUMMYFUNCTION("""COMPUTED_VALUE"""),0.0) -> 0 | G87: =IFERROR(__xludf.DUMMYFUNCTION("""COMPUTED_VALUE"""),5.0) -> 5 | H87: =IFERROR(__xludf.DUMMYFUNCTION("""COMPUTED_VALUE"""),"Return") -> Return
A88: =IFERROR(__xludf.DUMMYFUNCTION("""COMPUTED_VALUE"""),2021.0) -> 2021 | B88: =IFERROR(__xludf.DUMMYFUNCTION("""COMPUTED_VALUE"""),10.0) -> 10 | C88: =IFERROR(__xludf.DUMMYFUNCTION("""COMPUTED_VALUE"""),4.0) -> 4 | D88: =IFERROR(__xludf.DUMMYFUNCTION("""COMPUTED_VALUE"""),1003426.0) -> 1003426 | E88: =IFERROR(__xludf.DUMMYFUNCTION("""COMPUTED_VALUE"""),4.0) -> 4 | F88: =IFERROR(__xludf.DUMMYFUNCTION("""COMPUTED_VALUE"""),0.0) -> 0 | G88: =IFERROR(__xludf.DUMMYFUNCTION("""COMPUTED_VALUE"""),0.0) -> 0 | H88: =IFERROR(__xludf.DUMMYFUNCTION("""COMPUTED_VALUE"""),"Return") -> Return
A89: =IFERROR(__xludf.DUMMYFUNCTION("""COMPUTED_VALUE"""),2021.0) -> 2021 | B89: =IFERROR(__xludf.DUMMYFUNCTION("""COMPUTED_VALUE"""),10.0) -> 10 | C89: =IFERROR(__xludf.DUMMYFUNCTION("""COMPUTED_VALUE"""),4.0) -> 4 | D89: =IFERROR(__xludf.DUMMYFUNCTION("""COMPUTED_VALUE"""),1004000.0) -> 1004000 | E89: =IFERROR(__xludf.DUMMYFUNCTION("""COMPUTED_VALUE"""),3.0) -> 3 | F89: =IFERROR(__xludf.DUMMYFUNCTION("""COMPUTED_VALUE"""),13.01) -> 13.01 | G89: =IFERROR(__xludf.DUMMYFUNCTION("""COMPUTED_VALUE"""),0.0) -> 0 | H89: =IFERROR(__xludf.DUMMYFUNCTION("""COMPUTED_VALUE"""),"Return") -> Return
A90: =IFERROR(__xludf.DUMMYFUNCTION("""COMPUTED_VALUE"""),2021.0) -> 2021 | B90: =IFERROR(__xludf.DUMMYFUNCTION("""COMPUTED_VALUE"""),10.0) -> 10 | C90: =IFERROR(__xludf.DUMMYFUNCTION("""COMPUTED_VALUE"""),4.0) -> 4 | D90: =IFERROR(__xludf.DUMMYFUNCTION("""COMPUTED_VALUE"""),1003823.0) -> 1003823 | E90: =IFERROR(__xludf.DUMMYFUNCTION("""COMPUTED_VALUE"""),2.0) -> 2 | F90: =IFERROR(__xludf.DUMMYFUNCTION("""COMPUTED_VALUE"""),0.0) -> 0 | G90: =IFERROR(__xludf.DUMMYFUNCTION("""COMPUTED_VALUE"""),0.0) -> 0 | H90: =IFERROR(__xludf.DUMMYFUNCTION("""COMPUTED_VALUE"""),"Return") -> Return
A91: =IFERROR(__xludf.DUMMYFUNCTION("""COMPUTED_VALUE"""),2021.0) -> 2021 | B91: =IFERROR(__xludf.DUMMYFUNCTION("""COMPUTED_VALUE"""),10.0) -> 10 | C91: =IFERROR(__xludf.DUMMYFUNCTION("""COMPUTED_VALUE"""),4.0) -> 4 | D91: =IFERROR(__xludf.DUMMYFUNCTION("""COMPUTED_VALUE"""),1003357.0) -> 1003357 | E91: =IFERROR(__xludf.DUMMYFUNCTION("""COMPUTED_VALUE"""),1.0) -> 1 | F91: =IFERROR(__xludf.DUMMYFUNCTION("""COMPUTED_VALUE"""),0.95) -> 0.95 | G91: =IFERROR(__xludf.DUMMYFUNCTION("""COMPUTED_VALUE"""),0.0) -> 0 | H91: =IFERROR(__xludf.DUMMYFUNCTION("""COMPUTED_VALUE"""),"Wrong product") -> Wrong product
A92: =IFERROR(__xludf.DUMMYFUNCTION("""COMPUTED_VALUE"""),2021.0) -> 2021 | B92: =IFERROR(__xludf.DUMMYFUNCTION("""COMPUTED_VALUE"""),10.0) -> 10 | C92: =IFERROR(__xludf.DUMMYFUNCTION("""COMPUTED_VALUE"""),4.0) -> 4 | D92: =IFERROR(__xludf.DUMMYFUNCTION("""COMPUTED_VALUE"""),1003591.0) -> 1003591 | E92: =IFERROR(__xludf.DUMMYFUNCTION("""COMPUTED_VALUE"""),5.0) -> 5 | F92: =IFERROR(__xludf.DUMMYFUNCTION("""COMPUTED_VALUE"""),0.86) -> 0.86 | G92: =IFERROR(__xludf.DUMMYFUNCTION("""COMPUTED_VALUE"""),0.0) -> 0 | H92: =IFERROR(__xludf.DUMMYFUNCTION("""COMPUTED_VALUE"""),"Return") -> Return
A93: =IFERROR(__xludf.DUMMYFUNCTION("""COMPUTED_VALUE"""),2021.0) -> 2021 | B93: =IFERROR(__xludf.DUMMYFUNCTION("""COMPUTED_VALUE"""),10.0) -> 10 | C93: =IFERROR(__xludf.DUMMYFUNCTION("""COMPUTED_VALUE"""),4.0) -> 4 | D93: =IFERROR(__xludf.DUMMYFUNCTION("""COMPUTED_VALUE"""),1003459.0) -> 1003459 | E93: =IFERROR(__xludf.DUMMYFUNCTION("""COMPUTED_VALUE"""),1.0) -> 1 | F93: =IFERROR(__xludf.DUMMYFUNCTION("""COMPUTED_VALUE"""),0.0) -> 0 | G93: =IFERROR(__xludf.DUMMYFUNCTION("""COMPUTED_VALUE"""),0.0) -> 0 | H93: =IFERROR(__xludf.DUMMYFUNCTION("""COMPUTED_VALUE"""),"Wrong product") -> Wrong product
A94: =IFERROR(__xludf.DUMMYFUNCTION("""COMPUTED_VALUE"""),2021.0) -> 2021 | B94: =IFERROR(__xludf.DUMMYFUNCTION("""COMPUTED_VALUE"""),10.0) -> 10 | C94: =IFERROR(__xludf.DUMMYFUNCTION("""COMPUTED_VALUE"""),4.0) -> 4 | D94: =IFERROR(__xludf.DUMMYFUNCTION("""COMPUTED_VALUE"""),1003825.0) -> 1003825 | E94: =IFERROR(__xludf.DUMMYFUNCTION("""COMPUTED_VALUE"""),5.0) -> 5 | F94: =IFERROR(__xludf.DUMMYFUNCTION("""COMPUTED_VALUE"""),5.75) -> 5.75 | G94: =IFERROR(__xludf.DUMMYFUNCTION("""COMPUTED_VALUE"""),0.0) -> 0 | H94: =IFERROR(__xludf.DUMMYFUNCTION("""COMPUTED_VALUE"""),"Return") -> Return
A95: =IFERROR(__xludf.DUMMYFUNCTION("""COMPUTED_VALUE"""),2021.0) -> 2021 | B95: =IFERROR(__xludf.DUMMYFUNCTION("""COMPUTED_VALUE"""),10.0) -> 10 | C95: =IFERROR(__xludf.DUMMYFUNCTION("""COMPUTED_VALUE"""),4.0) -> 4 | D95: =IFERROR(__xludf.DUMMYFUNCTION("""COMPUTED_VALUE"""),1003302.0) -> 1003302 | E95: =IFERROR(__xludf.DUMMYFUNCTION("""COMPUTED_VALUE"""),6.0) -> 6 | F95: =IFERROR(__xludf.DUMMYFUNCTION("""COMPUTED_VALUE"""),0.86) -> 0.86 | G95: =IFERROR(__xludf.DUMMYFUNCTION("""COMPUTED_VALUE"""),0.0) -> 0 | H95: =IFERROR(__xludf.DUMMYFUNCTION("""COMPUTED_VALUE"""),"Return") -> Return
A96: =IFERROR(__xludf.DUMMYFUNCTION("""COMPUTED_VALUE"""),2021.0) -> 2021 | B96: =IFERROR(__xludf.DUMMYFUNCTION("""COMPUTED_VALUE"""),10.0) -> 10 | C96: =IFERROR(__xludf.DUMMYFUNCTION("""COMPUTED_VALUE"""),4.0) -> 4 | D96: =IFERROR(__xludf.DUMMYFUNCTION("""COMPUTED_VALUE"""),1003343.0) -> 1003343 | E96: =IFERROR(__xludf.DUMMYFUNCTION("""COMPUTED_VALUE"""),1.0) -> 1 | F96: =IFERROR(__xludf.DUMMYFUNCTION("""COMPUTED_VALUE"""),0.0) -> 0 | G96: =IFERROR(__xludf.DUMMYFUNCTION("""COMPUTED_VALUE"""),0.0) -> 0 | H96: =IFERROR(__xludf.DUMMYFUNCTION("""COMPUTED_VALUE"""),"Damage") -> Damage
A97: =IFERROR(__xludf.DUMMYFUNCTION("""COMPUTED_VALUE"""),2021.0) -> 2021 | B97: =IFERROR(__xludf.DUMMYFUNCTION("""COMPUTED_VALUE"""),10.0) -> 10 | C97: =IFERROR(__xludf.DUMMYFUNCTION("""COMPUTED_VALUE"""),4.0) -> 4 | D97: =IFERROR(__xludf.DUMMYFUNCTION("""COMPUTED_VALUE"""),1003726.0) -> 1003726 | E97: =IFERROR(__xludf.DUMMYFUNCTION("""COMPUTED_VALUE"""),1.0) -> 1 | F97: =IFERROR(__xludf.DUMMYFUNCTION("""COMPUTED_VALUE"""),0.0) -> 0 | G97: =IFERROR(__xludf.DUMMYFUNCTION("""COMPUTED_VALUE"""),0.0) -> 0 | H97: =IFERROR(__xludf.DUMMYFUNCTION("""COMPUTED_VALUE"""),"Damage") -> Damage
A98: =IFERROR(__xludf.DUMMYFUNCTION("""COMPUTED_VALUE"""),2021.0) -> 2021 | B98: =IFERROR(__xludf.DUMMYFUNCTION("""COMPUTED_VALUE"""),10.0) -> 10 | C98: =IFERROR(__xludf.DUMMYFUNCTION("""COMPUTED_VALUE"""),4.0) -> 4 | D98: =IFERROR(__xludf.DUMMYFUNCTION("""COMPUTED_VALUE"""),1003328.0) -> 1003328 | E98: =IFERROR(__xludf.DUMMYFUNCTION("""COMPUTED_VALUE"""),2.0) -> 2 | F98: =IFERROR(__xludf.DUMMYFUNCTION("""COMPUTED_VALUE"""),0.0) -> 0 | G98: =IFERROR(__xludf.DUMMYFUNCTION("""COMPUTED_VALUE"""),10.0) -> 10 | H98: =IFERROR(__xludf.DUMMYFUNCTION("""COMPUTED_VALUE"""),"Wrong product") -> Wrong product
A99: =IFERROR(__xludf.DUMMYFUNCTION("""COMPUTED_VALUE"""),2021.0) -> 2021 | B99: =IFERROR(__xludf.DUMMYFUNCTION("""COMPUTED_VALUE"""),10.0) -> 10 | C99: =IFERROR(__xludf.DUMMYFUNCTION("""COMPUTED_VALUE"""),4.0) -> 4 | D99: =IFERROR(__xludf.DUMMYFUNCTION("""COMPUTED_VALUE"""),1003798.0) -> 1003798 | E99: =IFERROR(__xludf.DUMMYFUNCTION("""COMPUTED_VALUE"""),0.9921001389957108) -> 0.99210014 | F99: =IFERROR(__xludf.DUMMYFUNCTION("""COMPUTED_VALUE"""),0.0) -> 0 | G99: =IFERROR(__xludf.DUMMYFUNCTION("""COMPUTED_VALUE"""),5.0) -> 5 | H99: =IFERROR(__xludf.DUMMYFUNCTION("""COMPUTED_VALUE"""),"Return") -> Return
A100: =IFERROR(__xludf.DUMMYFUNCTION("""COMPUTED_VALUE"""),2021.0) -> 2021 | B100: =IFERROR(__xludf.DUMMYFUNCTION("""COMPUTED_VALUE"""),10.0) -> 10 | C100: =IFERROR(__xludf.DUMMYFUNCTION("""COMPUTED_VALUE"""),4.0) -> 4 | D100: =IFERROR(__xludf.DUMMYFUNCTION("""COMPUTED_VALUE"""),1003448.0) -> 1003448 | E100: =IFERROR(__xludf.DUMMYFUNCTION("""COMPUTED_VALUE"""),1.0) -> 1 | F100: =IFERROR(__xludf.DUMMYFUNCTION("""COMPUTED_VALUE"""),0.0) -> 0 | G100: =IFERROR(__xludf.DUMMYFUNCTION("""COMPUTED_VALUE"""),0.0) -> 0 | H100: =IFERROR(__xludf.DUMMYFUNCTION("""COMPUTED_VALUE"""),"Return") -> Return
...

Sheet Exploration>>

Sheet Explo_refund_reason
A1: year | B1: month | C1: day | D1: orders_id | E1: ref_turnover | F1: ref_ship | G1: ref_coupon | H1: ref_reason | I1: turnover_per_order
A2: 2021 | B2: 10 | C2: 1 | D2: 1003644 | E2: 6 | F2: 0 | G2: 0 | H2: Damage | I2: =sumıf(Sales!B:B,D2,Sales!G:G) -> 53.54
A3: 2021 | B3: 10 | C3: 1 | D3: 1003989 | E3: 3 | F3: 0 | G3: 0 | H3: Wrong product | I3: =sumıf(Sales!B:B,D3,Sales!G:G) -> 247.63
A4: 2021 | B4: 10 | C4: 1 | D4: 1003585 | E4: 1 | F4: 0 | G4: 0 | H4: Wrong product | I4: =sumıf(Sales!B:B,D4,Sales!G:G) -> 41.48
A5: 2021 | B5: 10 | C5: 1 | D5: 1003362 | E5: 3 | F5: 0 | G5: 0 | H5: Wrong product | I5: =sumıf(Sales!B:B,D5,Sales!G:G) -> 183.53
A6: 2021 | B6: 10 | C6: 1 | D6: 1003322 | E6: 1 | F6: 0 | G6: 10 | H6: Return | I6: =sumıf(Sales!B:B,D6,Sales!G:G) -> 200.76
A7: 2021 | B7: 10 | C7: 1 | D7: 1003992 | E7: 13 | F7: 0 | G7: 0 | H7: Return | I7: =sumıf(Sales!B:B,D7,Sales!G:G) -> 16.41
A8: 2021 | B8: 10 | C8: 1 | D8: 1003540 | E8: 2 | F8: 0 | G8: 0 | H8: Return | I8: =sumıf(Sales!B:B,D8,Sales!G:G) -> 55.63
A9: 2021 | B9: 10 | C9: 1 | D9: 1003712 | E9: 0.75957991 | F9: 0 | G9: 10 | H9: Return | I9: =sumıf(Sales!B:B,D9,Sales!G:G) -> 111.66
A10: 2021 | B10: 10 | C10: 1 | D10: 1003802 | E10: 2 | F10: 0 | G10: 0 | H10: Damage | I10: =sumıf(Sales!B:B,D10,Sales!G:G) -> 140.18
A11: 2021 | B11: 10 | C11: 1 | D11: 1003568 | E11: 3 | F11: 5.75 | G11: 0 | H11: Return | I11: =sumıf(Sales!B:B,D11,Sales!G:G) -> 107.54
A12: 2021 | B12: 10 | C12: 1 | D12: 1003822 | E12: 2 | F12: 0 | G12: 0 | H12: Return | I12: =sumıf(Sales!B:B,D12,Sales!G:G) -> 58.64
A13: 2021 | B13: 10 | C13: 1 | D13: 1003395 | E13: 1 | F13: 0 | G13: 10 | H13: Return | I13: =sumıf(Sales!B:B,D13,Sales!G:G) -> 111.61
... A687: 2021 | B687: 10 | C687: 15 | D687: 1004022 | E687: 13 | F687: 0 | G687: 0 | H687: Damage | I687: =sumıf(Sales!B:B,D687,Sales!G:G) -> 98.24

Sheet Deliverables>>

Sheet Global_quality_vision

Sheet RESULTS
A1: 🧪 PRODUCTION TEAM
A3: Mission of the team
A4: Ürün kalitesinden kaynaklanabilecek olası kayıpları belirlemek.
A7: Main KPIs
A9: KPI name | B9: Definition | D9: Why is it useful for the team?
A10: % reason of return(İade Nedeni Yüzdesi) | B10: Belirli bir nedenden kaynaklanan iadelerin yüzdesi | D10: Ekibin çabasını tek bir sorunun çözümüne odaklamasını sağlar
A11: % of return per product(Ürün Başına İade Yüzdesi) | B11: Ürün A için iade sayısı / Ürün A sipariş sayısı | D11: Ürünü iptal etme veya yeniden tasarlama kararı almak
A19: Main results of your analysis
A21: İadeler çoğunlukla fikir değişikliğinden kaynaklanıyor
A22: İade edilen siparişler arasında en yaygın neden gönüllü iade (%51), bunu hasar (%25) ve yanlış ürün (%23) takip ediyor.
A24: Hasardan kaynaklanan iadelerin finansal etkisi daha düşük
A25: Hasar, iadelerin %25’ini oluştursa da, geri kazanılan net ciro orijinal değerin %94’ü civarında kalıyor.
A27: İadeler, iade edilen siparişlerde %7 ciro kaybına yol açıyor
A28: Bu 686 iade üzerinden sadece %93’ü korunuyor (kupon ve kargo dahil).

Sheet Refund_finance
B7: =SUM(B5+C5+D5) -> 4671.6563
A8: Weight of Refund | B8: =B5/B7 -> 0.65840595 | C8: =C5/B7 -> 0.095188937 | D8: =D5/B7 -> 0.24640511
